연번,이름,내용
1,쌀밥에 콩을 섞어 드세요,쌀은 우리나라를 포함한 아시아국가에서 주로 먹어온 주식으로 저장법이 간편할 뿐 아니라 밥맛이 좋으면서도 물리지 않고 소화도 잘되는 식품이다. 쌀에는 단백질을 구성하는 아미노산중 리신(lysine)이 부족하고 황을 함유하는 아미노산인 메티오닌(methionine)이 많은 편이다. 콩류의 단백질함량은 일반적으로 곡류보다 약2배 정도 함유되어 있다. 단백질의 구성아미노산 중 필수아미노산이 풍부하게 들어 있는데 특히 쌀에 부족한 리신의 함량이 높아서 두류를 혼합한 식사를 하게 되면 단백가를 보완하는데 아주 효과적이다. 쌀 100g에는 리신이 0.22g 밖에 함유되어 있지 않으나 여기에 콩 5g을 혼합하게 되면 0.129g을 더 가하게되므로 아미노산의 보강효과가 크다고 할 수 있다. 뿐만 아니라 콩에는 상대적으로 쌀에 적게 들어 있는 비타민 B1을 많이 가지고 있어 체내에서 당질을 효과적으로 이용할 수 있게 한다.
2,쌀의 부족한 영양소를 쑥으로 보충,"쌀의 영양성분은 77% 가 전분이며 약 6% 정도의 단백질을 가지고 있어 식물성 식품 중에서는 영양가가 매우 우수한 편이다.  쌀밥을 주식으로 하는 나라에서는 쉽게 열량의 대부분과 단백질, 무기질, 비타민의 일부를 섭취하고 있으나 쌀에는 지방, 섬유소, 칼슘, 철 등의 영양분은 들어있지 않아 다른 음식을 통해 섭취해야 했다.  이러한 결점을 보완해 주는 가장 좋은 식품은 쑥으로 쑥에는 칼슘, 섬유질, 비타민A, 비타민C와 다량의 엽록소를 가지고 있어 쌀에서 부족하기 쉬운 영양분을 보충해주며 인체의 항체 능력을 높여주고 소화를 촉진하는 대표적인 건강식품이라고 할 수 있다.  우리 조상들은 제사나 잔치 때 쑥개피떡, 쑥송편, 쑥절편, 쑥버무리, 쑥단자 등을 만들어 먹었는데 이는 쌀과 쑥의 조화를 잘 이용한 예라고 할 수 있다. 또 쑥은 향기가 좋아 밥에 얹어 쑥밥을 해먹기도 했으며 나물이나 국.찌개 등의 재료로도 많이 사용되었다."
3,우유죽을 끊여 먹어요,"우유는 유우(乳牛)의 유선으로부터 분비되는 액체로 특유한 향기와 감미를 가진다. 어린동물의 양육에 필요한 여러 가지 영양소가 들어 있으므로 영양가치가 높은 식품이다. 인류가 동물의 유즙을 식용으로 시작한 것은 약 10,000년 전 야수를 가축화하면서부터 인 것으로 추측된다.  우리나라에서는 우유를 4세기경부터 이용한 것으로 알려졌는데 일반대중은 먹지 못한 아주 귀한 식품이었다. 쌀을 갈아 우유를 넣고  쑨 죽인 타락죽은 궁중에서 보양음식으로 마련했다고 한다. 우유에는 수분, 단백질, 지질, 탄수화물, 무기질, 비타민 등 일반 영양적 성분 외에도 효소, 색소  등이 포함되어 있다. 또한 우유에는 생체조절 기능을 높이는 기능성 성분들도 함유 되어 있다. 우유 100g 중에는 100~105mg의 수용성 칼슘을 함유하고 이는 흡수되기 쉬운 칼슘원의 상태로 존재한다. 칼슘의 1일 권장량은 성인의 경우 700mg 이므로 하루에 우유 3컵 정도를 마시면 충분하다. 유당 성분을 함유하는 우유는 장내의 유산균 증식을 도와 장을 튼튼하게 하고 변비를 해소 시켜 주기도 한다. 우유속의 당질인 갈락토오즈는 단당류로 두뇌발달을 도울 뿐 만 아니라 치매를 예방하는 효과도 가지고 있다. 우유의 여러 가지 성분 중에서 지질은 가장 소화 흡수가 잘되는 성분이다. 그러나 소화력이 저하된 노인이나 환자에게는 소화 장애를 일으킬 수도 있다.  우유의 성분을 모두 흡수 시킬 수 있는 좋은 조리법으로 쌀과 우유를 섞어 죽을 끓이는 방법을 들 수 있다. 우유죽을 끓이면 우유안의 비타민의 손실이 염려가 되지만 죽을 끓일 때 다양한 녹색채소를 넣어 끓이면 보완 할 수 있다.  쌀은 비교적 영양성분이 부족하지 않지만 비타민A, B2 는 부족하다. 쌀이 가지고 있지 않은 성분을 보충 해 줄 수 있는 것이 우유이므로 쌀에 우유를 넣어 죽을 만들면 영양상의 조화를  가져올 수 있겠다."
4,콩과 식초의 만남&#61459;&#61459;,"콩은 ‘밭에서 나는 쇠고기라 &#61455;불릴 만큼 영양가가 높은 식품이다. 콩의 단백질은 대체로 34-42%로 함량이 많고 쌀에는 부족한 아미노산인 리신(Lysine)을 많이 포함하고 있다. 콩의 지질은 대체로 17-20%이며 구성 지방산의 60%가 다불포화지방산으로 혈액 중의 콜레스테롤을 낮추어주므로 동맥경화의 예방효과가 있다. 대두 단백질 중  글리시닌이 70-80%를 차지하며 이 단백질은 물에 쉽게 용해되므로 이를 이용하여 두부를 만든다. 생대두에는 유해한 단백질인 트립신 저해인자(trypsin inhibitor)가 많이 함유되어 있으며 이는 단백질 함량의 약 6%를 차지하고 있다. 이 물질은 열에 불안정하므로 가열조리 할 때 변성되어 파괴된다. 그러므로 콩은 대부분 가열조리를 거쳐 이용하는데 콩을 가열하지 않고 날것으로도 먹을 수 있는 방법도 있다. 즉, 식초에 콩을 담가 먹는 것이다.   식초는 위액의 분비를 촉진시키고 특히 단백질 소화에 효과가 크다. 또한 피로회복에 좋으며 우리 몸에 있는 유해한 과산화지질을 감소시키는 역할을 한다. 특히 지방 합성을 방지하고 분해를 촉진하여 항비만 기능도 가지고 있다. 초콩은 먼저 잘 씻은 콩을 물기를 제거하고 병에 담은 후 식초를 부어 밀봉해 둔다. 1-2일이 지난 후에 다시 식초를 넣어 식초가 더 이상 흡수되지 않을 때 까지 반복 한다. 7-10일 후면 초콩이 완성되는데 식초를 따라내고 용기에 넣어 냉장고에 보관하여 식전에 1회 15-20알 정도 먹는다. 초콩은 식초와 콩이 가지는 여러 가지 특성을 잘 살린 음식이다."
5,더운 여름철 시원한 콩국수 한 그릇,"콩국은 흰콩을 씻어 5-6시간 정도 물에 불린 것을 삶아서 맷돌로 곱게 갈아 고운체로 걸러서 비지를 제거한 국물이다. 날콩에는 비린내가 있는데다가 소화를 방해하는 트립신 저해 인자를 가지고 있어서 그대로는 먹을 수가 없어 이를 제거하기 위하여 가열하여 이용한다. 콩은 뇌의 활동을 돕고 신경을 안정시키며 피를 맑게 하는 식품으로 알려져 있다.   국수는 밀가루에 소금을 넣어 물로 반죽하여 길고 가늘게 성형한 것이다. 우리 조상들은 잔칫날에 국수를 해먹었으며 국수를 먹어야 오래 사는 복을 누릴 수 있다고 생각하였다. 국수의 종류도 다양하여 제물국수는 삶은 국물을 국수 가닥과 함께 먹는 것이고 계절에 따라 별미식으로 여름에는 비빔국수, 콩국수, 건진 국수 등을 만들어 먹었다. 국수의 원료인 밀가루에는 대부분이 전분성분이며 단백질을 구성하는 필수아미노산은 라이신, 메티오닌, 트레오닌, 트립토판 등의 함량은 적은 편이다. 이에 비해 콩은 다른 식품 중에서 어느 식품 보다 단백질의 함량이 많아 국수에 부족한 영양소를 보충해 줄 수 있다. 여름철 땀이 많이 나고 식욕이 떨어질 때 콩국에 국수를 말아 먹어보면 우리 조상의 지혜를 느낄 수 있다."
6,동짓날 새알심 예쁘게 빚어 팥죽을 만들자,"동지는 1년 중  밤이 가장 길고 낮이 가장 짧은 날로 조상들은 이날에 특별한 별식을 만들어 먹었다. 집집마다 팥죽을 쑤어 마루, 광 등에 한 그릇씩 떠다 놓고, 대문이나 벽에다 팥죽을 뿌린 다음에 먹는 풍습이 있었다. 이 풍습은 팥이 액을 막고 잡귀를 없애준다는 데서 나온 것이다. 팥은 대두나 땅콩과는 달리 지방의 함량이 적고 탄수화물인 전분이 많이 들어 있어 떡의 소와 고물로 사용한다. 단백질은 20%정도가 들어 있는데 그 가운데 약 80%가 글로불린으로 리신과 트립토판을 상당히 함유하고 있다. 지방은 0.6~2.0%로 그 양이 적다. 팥에는 사포닌이 약 0.3% 들어 있다. 사포닌은 장을 자극해 과식을 하면 설사의 원인이 되지만 섬유질과 함께 변비를 치료할 수 있다.   또한 팥은 각기병, 빈혈, 냉증, 신장병, 당뇨, 허약 체질에 좋은 식품이다. 팥은 해독 작용이 있어 체내의 알코올을 빨리 분해하여 숙취에 효과가 있다. 하지만 위장 장애가 있는 사람의 경우 가스발생이 많아 주의해야 한다.  팥죽은 팥을 푹 삶아 거르고 찹쌀가루를 반죽하여 새알심 모양으로 만들어 함께 끓인다. 새알심의 원료인 찹쌀은 전분이 주성분으로 당질이 75%함유되어 있다. 우리 몸은 음식물을 대사시키기 위해서는 효소의 작용이 있어야 한다. 영양소 중 비타민류는 대사 과정에 보조 효소로서 중요한 역할을 한다. 당질대사에는 비타민 B1이 절대적으로 필요한데 팥은 비타민 B1을 충분히 가지고 있어(0.56mg%) 팥과 찹쌀은 조화가 잘 되는 식품이다."
7,밥반찬엔 무말랭이가 제격!,"무를 3cm 정도의 두께로 썰어 바람이 잘 통하고 햇빛이 잘 드는 곳에서 말린 무말랭이에는 사람의 뼈를 구성하는 성분인 칼슘을 다량으로 함유하고 있으며 그 외에 단백질, 철분, 칼슘, 비타민 등도 많이 들어있는 식품이다.  무는 수분이 93%로 무의 대부분을 차지하며 칼슘함량은 30mg 정도밖에 들어있지 않은데 이것을 말린 무말랭이에는 수분이 줄고 대부분의 영양소들이 증가하며 특히 칼슘의 경우는 10배 정도가 증가되어 식물성 식품 중에는 드물게 칼슘을 풍부하게 함유하고 있다. 칼슘은 성장하는 어린이나 임산부에게 중요하며 중년기 이후 여성에게 흔히 나타나는 요통이나 골절, 특히 골다공증을 예방하기 위해서도 늘 신경을 써야 한다. 나이가 들어갈수록 체내에서 칼슘 흡수가 나빠지므로 섭취에 더욱 신경을 써야 한다.  따라서 무말랭이를 이용한 다양한 음식을 섭취함으로써 탄수화물이 주성분인 밥을 먹을 때 다양한 영양소를 균형 있게 섭취할 수 있어 밥반찬으로 제격인 식품이라고 볼 수 있다.  특히 무말랭이를 이용한 대표적 음식인 무말랭이 무침은 말린 무말랭이를 물에 담가 불렸다가 물기를 쪽 뺀 후 간장에 다진 마늘, 물엿을 넣고 끓인 물에 무말랭이를 넣어 무치고 마지막에 고춧가루, 통깨, 참기름을 넣으면 되는데 무말랭이 무침은 부피도 많이 차지하지 않고 영양면에서도 잘 갖추고 있어 아이들 도시락 반찬이나 등산 시 반찬으로 이용하면 좋다."
8,청포묵과 미나리로 만든 영양 좋고 보기도 좋은 탕평채,"하늘하늘한 청포묵을 가늘게 채썰어  숙주, 미나리, 고기, 김 등을 섞어 양념장에 무친 탕평채는 상큼한 맛과 향이 나른해지기 쉬운 봄에 입맛을 당기게 하는 대표적인 음식이다.  특히 탕평채의 주 재료인 미나리는 비타민A가 아주 많아 비타민의 보급원이 되며 무기질로는 칼슘, 철분 등이 많이 함유된 알칼리성 식품으로 잎에는 발한 작용과 보온 작용이 뛰어난 정유를 함유하고 있는데 이는 향기가 좋아 식욕을 촉진시키는 역할을 한다.  탕평채란 음식명은 재료와 조리법과는 관계가 없다. 묵을 기름장에만 무치던 것을 조선중엽 영조 때 당파싸움으로 인해 나라 안이 혼란스러워 이를 막기 위한 탕평책을 펴는 자리에서 묵에다 채소를 섞어서 묵무침을 하여 나온 것에서 유래하고 있다. 탕평은 ‘탕탕평평’의 줄임말로 어느 쪽에도 쏠리지 않고 아주 좋다는 뜻을 내포하고 있다.  예부터 묵은 수분이 많고 부드러워 연로하신 노인들이 즐겨먹었던 식품이다. 청포묵(녹두묵)은 녹두 전분으로  쑤는데 그 성분이 대부분 전분질이어서 영양소가 많이 부족하다. 그러한 묵을 요리할 때 다양한 재료를 넣은 탕평채를 만들어 먹음으로써 김과 미나리, 숙주로 비타민과 무기질을 보충하고 달걀을 부친 지단과 고기로 단백질을 섭취할 수 있어 영양적으로도 균형 있는 음식이라 할 수 있다.   또한 음식은 맛 못지않게 색 또한 중요한데 미나리의 녹색, 김의 검정색, 황색과 백색의 달걀지단이 서로 잘 어울려 미적으로도 보기 좋은 음식이다."
9,여름철 입맛 살리는 냉면은  상큼한 식초와 겨자의 어울림,"냉면은 원래 겨울음식이었으나 지금은 여름철 최고의 별미음식이 되었다. 냉면을 먹을 때는 냉면의 찬 성질을 보충하기위해 더운 성질의 겨자를 함께 먹고 또한 식초를 넣어 겨자의 향기를 보존하면서 미생물의 번식을 막아 식중독의 위험을 줄여줄 수 있다.  한방에서는  냉면의 차가운 성질 때문에 소양인에게 이로운 음식으로 권한다. 비장이 크고 신장이 작아 열에너지를 만들어 내는데 강한 소양인은 냉면을 먹었을 때 몸 안의 차갑고 더운 기운이 조화를 이루기 때문에 건강에 좋은 것으로 알려져 있다.냉면의 사리로 쓰이는 메밀은 추운 곳이나 척박한 땅에서도 잘 자라기 때문에 옛날부터 구황 작물로 이용해 왔다. 우리나라는 강원도 산간 지역에 메밀이 많이 생산되고 질도 좋다. 메밀은 전분이 주성분으로 당질 73%, 단백질은 10% 정도 함유되어 있다. 트립토판, 트레오닌, 라이신등의 필수 아미노산이 풍부한편이다. 비타민B1, B2  및 인이 많아 영양가가 높은 편이다. 이밖에 메밀에는 고혈압으로 인한 뇌출혈 등 혈관손상을 예방하는 효과가 있는 비타민 P, 즉 루틴이 들어 있다. 루틴은 모세혈관의 저항력을 키워 고혈압과 동맥경화, 궤양성질환, 동상, 치질, 감기치료 등에 효과가 인정되어 있다.  메밀가루를 이용한 면은 밀가루나 전분을 섞어야 끈기가 있어 잘 만들어 진다. 냉면 육수는 동치미국과 양지머리를 삶은 것을 함께 섞어  편육, 배 삶은 계란, 오이무침 등을 고명으로 올려 낸다. 이때 향신료인 겨자와 식초를 곁들어 먹게 된다.   식초는 신맛을 가진 대표적인 조미료로 살균력이 강하여 대부분의 병원균을 사멸시킨다. 또한 대사과정 중 우리 몸에 누적된 젖산을 빨리 분해하도록 도와 피로회복에 도움이 된다. 여름철 대장균에 의한 여름철 식중독이 자주 일어나는데 이러한 식중독은 식품이나 육수가 중성 일 때 쉽게 번식한다. 그러나 살균력을 가진 식초는 산도를 떨어뜨려 세균의 번식을 막아 식중독의 위험을 감소시킨다. 냉면에 식초를 곁들여 먹는 것은 풍미와 위생, 영양의 세 가지를 잘 조정해 주는 음식이라 할 수 있다. 무더위에 지쳐 축 늘어진 사람들에게 새콤한 식초를 곁들인 시원한 냉면 한 그릇은 생기를 북돋아 줄 수 있다. "
10,된장과 부추,"우리 식탁에 올려지는 모든 식품은 그 성분 자체가 가지는 유해한 성분이 존재할 수 있다. 콩에는 단백질의 소화를 방해하는 트립신저해인자와 동물의 적혈구를 응집시키는 성분, 기포성이 강한 용혈성인 사포닌 등이 들어있다. 콩은 섬유소가 많고 조직도 치밀하여 일반적인 조리법으로는 소화율이 떨어진다. 우리의 조상들은 이러한 콩의 특성을 잘 이용하여 두부, 콩국, 된장 등을 만들어 먹었다. 특히 된장은 콩을 삶아서 미생물에 발효시켜 만든 것으로 소화 흡수가 잘된다. 가열과 발효과정을 통해 단백질이 아미노산으로 변한다. 따라서 단백질 공급원으로서 매우 훌륭한 식품이다. 그러나 된장은 만드는 과정에서 소금을 많이 사용하므로 나트륨의 함량이 높은 식품이 된다. 또한 비타민 A와 C가 부족한 결점이 있다. 이러한 문제점을 보완해 주는 식품으로 부추를 들 수 있다. 부추는 백합과에 속하는 다년생 초본 식물이다. 부추에는 수분이 약 90%로 가장 많이 차지하며 다른 야채에 비해 단백질과 지방, 탄수화물, 무기질이 풍부하다. 특히 부추 100g 중에는 비타민 A는 2000 I.U., 비타민 C는 40mg이 함유 되어 있다. 된장은 콩을 원료로 만들기 때문에 비타민이 들어 있지 않다. 이러한 된장에 부추를 곁들이면 부족한 비타민을 보충해 줄 수 있다. 또한 부추에 들어 있는 칼륨이 체외로 배설될 때 나트륨과 함께 배설 된다. 부추에 독특한 맛을 내는 알리신 성분은 비타민B1의 흡수를 돕고 체내에 오래 머물도록 하는 작용을 한다. 된장국에 비타민, 식이섬유가 풍부한 부추를 넣으면 된장국의 단점을 보완하는 훌륭한 음식이 된다. "
11,팥소 없는 찐빵은 안돼요!,"쌀과 함께 가장 중요한 곡류 중 하나가 밀이다. 밀의 원산지는 서아시아로 열량은 쌀과 별 차이가 없으나 단백질의 양은 쌀의 2배에 해당 하는 12%정도나 된다. 밀에 들어 있는 단백질은 글리아딘과 글루테닌으로 밀가루에 50~60%의 물을 가하여 반죽하면  이 두 단백질이 물과 결합하여 삼차원의 망상구조인 글루텐이 형성된다. 반죽을 오래할수록 점탄성이 좋은 글루텐이 형성된다. 글루텐의 함량에 따라 강력분, 중력분, 박력분 등으로 나뉜다. 글루텐이 형성된  밀가루반죽에 발효제를 넣어 만든 빵은 대부분이 당질로 74%의 전분질이 들어있다. 이는 당질을 소화하고 분해시키는데 필수적인 비타민B1이 절대적으로 부족하게 된다. 곡류의 부족한 비타민B1을 보강 할 수 있는 식품이 팥이다. 그래서 우리 선조들은 쌀밥의 부족한 비타민 B1을 보충하기 위해 팥밥, 팥떡 등을 만들어 먹었다. 팥은 성질이 평하고 맛은 달고 시다. 주요성분은 수분 15%, 단백질 21.4%, 지방 0.6%, 당질 56.6%, 섬유질, 회분, 비타민 B1 등이 함유되어 있다. 팥은 껍질에 영양분이 많이 있으므로 껍질째 먹는 것이 좋고 소금을 약간 넣어서 먹는 것이 좋다. 또한 사포닌이 약 0.3% 함유되어 있어 섬유질과 함께 장운동을 활발하게 해 변비에 효과가 있다. 우리 몸에 당질 대사가 원활히 이뤄지지 않으면 몸 안에  젖산이 쌓이게 된다. 따라서 당질이 에너지로 전환하는데 도움이 되는 비타민 B1은 당질대사를 촉질 할 뿐 아니라 피로회복, 각기병에 도움이 된다. 따라서 밀가루로 만든 찐빵에 당질의 소화흡수를 도울 수 있는 팥소는 서로 잘 맞는 식품이라고 할 수 있다. "
12,정월대보름엔 오곡밥을,"음력1월 15일을 대보름이라 하여 신라시대부터 지켜온 명절로 오곡밥을 지어먹는 풍습이 있었다. 오곡밥이란 쌀, 조, 수수, 팥, 콩 등 다섯 가지 곡식을 넣어 지은 밥이다. 그 지방에서 주로 생산되는 곡물을 이용하여 넣는 곡식의 종류는 지방에 따라 서로 다르다. 오곡밥은 다섯 가지 곡식이 들어가 있어 영양의 균형이 맞고 맛도 또한 좋다. 주로 찹쌀, 멥쌀, 차좁쌀, 찰수수, 팥 등을 넣으며 찹쌀과 멥쌀은 따뜻한 물에 충분히 불렸다가 소쿠리에 건져 놓고 차좁쌀, 찰수수쌀은 따뜻한 물에 씻어서 소쿠리에 건져 놓는다. 팥은 솥에 물을 부어 삶다가 팥 껍질이 벗겨 질 때 까지 삶는다. 준비해둔 잡곡을 한 김을 올리다가 소금물을 조금씩 끼얹고 다시 한 김 올린 다음 뜸을 푹 들인다. 쌀의 주성분은 당질이며 비타민 B1 함량이 부족한 편이다. 당질 대사에서 비타민 B1은 중요한 역할을 하므로 보충이 필요하다. 수수는 쌀처럼 약 74%의 당질을 함유하며 단백질 함량은 약 10%로 프롤라민과 글루테닌이 많고 칼륨과 니아신은 다른 곡류에 비해서 많이 포함되어 건강에 도움이 된다. 오곡밥을 지을 경우 비타민 B1 뿐만 아니라 단백질이 자연스럽게 보충이 되어 아미노산의 보강효과가  좋아진다."
13,메밀국수에는 무가 제격," 메밀의 조성성분을 살펴보면 수분이 11.8%에 약 69%의 당질과 약 12%의 단백질, 그리고 2.9~3.3%의 지질을 함유하고 있다. 메밀의 원산지는 만주 바이칼호 부근이며 자연환경이 척박한 조건에서도 잘 자라고 생육기간도 짧다. 메밀을 이용한 음식으로 메밀묵, 메밀국수, 냉면, 빙떡 등이 있다. 메밀로 만든 춘천 막국수가 유명하며 일본의 경우 ‘소바’가 있다. 메밀가루로 국수를 만드는 경우 끈기가 없는 이유는 단백질 중 끈기를 나타내는 프롤라민이 적기 때문이다. 이때 끈기를 주기위해 달걀을 넣어 반죽을 하기도 한다. 메밀의 겉껍질에 있는 살리실아민과 벤질아민이라는 성분은 우리 몸에 유해한 성분으로 알려져 있다. 이러한 독성 성분을 제거 시키는데 가장 좋은 식품이 무이다. 무의 뿌리 부분은 비타민 C와 칼슘의 함량이 비교적 많고, 특히 잎 부분에는 뿌리에 비해 많은 비타민 C와 칼슘, 그리고 철과 β-카로틴을 포함하고 있고 식이섬유도 풍부하여 변비나 대장암을 예방할 수 있는 기능도 있다. 또한 무에는 여러 가지 효소가 포함되어 있어 소화를 촉진하여 위의 도움이 된다. 막국수에 무쪽을 넣어서 먹거나 소바를 먹을 때 무 간 것을 양념간장에 넣어 먹은 이유가 있다. 메밀가루는 배아를 포함하고 있어서 효소의 활성이 남아있어 변질되기 쉽다. 면을 제조 시 되도록 새 가루를 이용하는 것이 좋다. "
14,청국장찌게에는  신 김치가 어울려요,"청국장은 우리 전통의 발효식품으로 대두 등을 원료로 하여 적절한 온도에서 발효시켜 제조한 것이다. 청국장은 수분 56%, 단백질 18.6%, 지질 8.7%, 당질6.4%로 대두 단백질은 미생물에 의해 일부 소화되어 특유한 냄새와 점성물질을 생성한다. 발효 시 단백질의 10%가 유리아미노산으로 되는 등 여러 소화 효소로 소화를 돕는 작용이 있다. 청국장은 우선 콩을 물에 충분히 불려 삶아서 소쿠리나 시루에 담아서 발효를 시키는데 이때 짚이나 지푸라기를 깐 후에 콩을 쏟고 따뜻하게 보온한다. 온도는 약 40℃정도를 유지하고 2~3일이 지나면 콩에 하얀 막과 함께 실이 생겨난다. 이렇게 잘 띄워진 청국장을 신 김치와 함께 찌개를 끓이면 김치의 숙성과정에서 비타민B1과 마늘의 알리신이 결합하여 소화기계의 흡수력을 좋게 할 뿐 만 아니라 김치의 유기산에 의해 청국장에 상큼한 맛과 감칠맛이 더해진다. 더욱 배추 자체의 식이섬유가 첨가되어 정장효과를 더욱 극대화 할 수 있는 서로 잘 맞는 음식이다. "
15,수수도가니의 비밀,"수수의 원산지는 열대아프리카와 인도가 원산지로 성질은 따뜻하다. 점도에 따라 찰수수와 메수수로 분류할 수 있다. 주로 찰수수는 떡, 술, 엿을 만들고, 메수수는 밥, 죽, 경단, 부꾸미, 고추장 등을 만드는데 이용 하였다. 성분 조성을 살펴보면 단백질 10.6%, 지질 1.7%, 당질 71.7%, 섬유 0.8%, 회분1.2%, 칼륨 180mg, 칼슘 11mg, 인 240mg, 철 1.8mg, 비타민 B 복합체 등을 함유한다. 수수의 따뜻한 성질 때문에 위장을 보호하고 소화불량에 효과가 있다. 수수는 떫은맛을 가진 탄닌이 있어 여러 번 헹구어 붉은 물을 빼고 사용해야 한다. 수수에는 지질과 단백질이 부족해 이를 보완해 줄 수 있는 식품을 첨가해 주어야 한다. 우리나라에 전해오는 향토음식 중 수수도가니가 있다. 이 음식은 햇수수에 풋콩, 풋팥, 소금, 설탕 등을 넣어 만들어 간식으로 먹어왔다. 콩의 주요 성분은 단백질과 지질 및 당질로 수수도가니는 수수성분에 부족한 단백질과 지질을 보충해 줄 수 있는 콩을 넣어 만든 떡으로 영양적으로 균형이 맞는 훌륭한 간식이다."
16,엿기름으로 떡을,"우리의 전통 음식 중 향토음식은 각 지방의 고유한 특색을 살려 맛과 멋을 담은 음식이다. 평안도의 고유한 전통식으로 노티가 있다. 설이나 추석이 되면 집집마다 노티를 만들어단지에 넣어두고 간식으로 먹는데 상하지 않아 오랫동안 보관이 용이하다. 노티를 만드는 방법은 먼저 기장과 찰수수를 가루 내어 익반죽을 한 다음 엿기름가루를 넣고 삭혀 지진 떡이다. 이 떡은 특징은 찰수수가루에 엿기름을 넣어 따뜻하게 하여 전분을 가수분해 시켜 맥아당을 형성하는 방법으로 당화과정에서 당분이 생기고 또 공기의 접촉으로 유산균의 작용을 받아 신맛도 생겨난다. 그래서 떡에서 달면서도 신맛도 가지게 되고 또한 유산균의 영향으로 독특한 향기가 있고, 장기간 동안 보관도 용이한 것이다."
17,떡과 식혜,"농경생활을 정착하게 된 청동기 시대 이후 시루가 등장 하면서 찐 떡을 만들어 먹었다.  밥을 짓기 이전에는 떡이 일상 음식으로 이용되었다. 밥이 일상식이 되면서 떡은 연회음식, 통과의례음식, 명절음식과 같은 의례용으로 이용되었다. 떡은 쌀을 불린 후 가루를 내어 떡가루를 수중기로 찌거나 떡메로 쳐서 만들기 때문에 쌀 알갱이 보다 조직이 더 치밀하고 열량도 훨씬 적다. 그러나 떡은 밥보다 소화시키기 어려워 위의 부담이 크다. 그래서 조상들은 명절이나 잔치날, 생일날 등 특별한 날엔 식혜를 만들어 먹었다.   식혜는 쌀밥을 엿기름물에 당화 시켜서 단맛을 낸 것이다. 특히 엿기름에 들어있는 아밀라아제를 비롯한 여러 효소의 작용으로 쌀 전분이 가수분해 된 덱스트린, 맥아당, 포도당의 혼합물을 가열하여 만든다. 주로 겨울철에 많이 만드는 식혜는 우리나라 사람들이 가장 즐기는 발효 음료라 할 수 있다"
18,고추장으로 식욕 높이는 비빔밥,"비빔밥의 유래에 대해서는 여러 가지 설이 전해 내려오고 있다. 제사음식에서 비롯되었다는 설과 농번기 때 매번 음식을 내갈 수가 없어 한 그릇에 밥과 찬을 함께 담아냈다는 설 등이 있다. 비빔밥은 밥을 고슬고슬하게 지어서 참기름으로 살짝 비며 그릇에 담고 각종의 나물을 양념을 하여 고추장 볶음을 곁들여 상에 낸다. 비빔밥에 꼭 필요한 고추장은 콩의 발효식품으로 대두 단백질의 분해로 생성된 아미노산의 구수한 맛, 전분 분해로 생성된 당분의 단맛, 소금의 짠맛과 고춧가루의 매운 맛이 잘 어우러진 전통 발효 식품이다.   고추장은 메줏가루에 밥이나 떡가루 또는 되게 쑨 죽 등 전분질 식품을 잘 혼합하여 고춧가루와 소금을 넣고 간을 맞춘 것이다. 고추장 성분을 보면 단백질 8.9%, 지질 4.1%, 당질 15.9% 철분 13.6mg%, 비타민C 50mg 등 영양가가 높은 편이다. 그 외에도 베타카로틴이 많고, 토코페롤도 들어 있다. 이러한 고추장을 비빔밥에 넣으면 영양의 증진 뿐 만 아니라 고운 붉은색과 매운맛이 어우러져 보기에도 먹음직스럽다."
19,호박과 꿀,"한방에서는 오래 전부터 몸에 부기가 있거나 소변이 시원치 않은 사람에게 호박을 이용하였다. 민간요법에서 산후 산모의 부기가 빠지지 않을 때 호박을 달여 먹이기도 하였다. 호박의 주요 성분은 수분이 90% 차지하며 비타민 A가 많이 함유되어 있다. 호박의 독특한 색은 카로틴과 잔쏘필(xanthophyll) 때문이다. 카로틴의 함량이 많은 호박은 폐암, 위암, 방광암, 후두암, 전립선암 등의 위험을 경감시킨다. 또한 수용성 식이섬유소인 펙틴이 다량 함유돼 있어 변비, 담석증 예방 효과가 있다. 가래와 기침이 심할 때 호박, 생강, 꿀, 대추 등을 넣어 만든 호박꿀단지가 효과가 있다. 가을에 수확한 호박을 통풍과 온도가 적당한 곳에 잘 보관 해 두었다가 겨울철에 꺼내어 부족 되기 쉬운 비타민도 공급받고 부종, 가래, 천식에 효과가 있는 호박꿀단지를 만들어 가족과 함께 먹어보자."
20,가지는 기름과 찰떡 궁합," 가지는 약 1000년 전 원산지 인도에서 중국을 거쳐 우리나라에 들어와 오랫동안 여름철 별식으로 우리 밥상에 올라왔다. 주요 성분은 단백질과 탄수화물 환원당이 많이 들어 있고 비타민, 칼륨, 회분이 함유되어 있다. 가지의 성질은 매우 차가워서 열을 식혀 주는 역할을 하지만 몸이 차거나 대변이 무른 사람은 지나치게 먹지 않도록 한다. 가지는 특유의 아린 맛 때문에 날것으로 먹기가 쉽지 않아 밥통에 넣어 찌거나 기름에 살짝 볶아 조리해 먹는다. 가지는 필수지방산과 리놀렌산, 비타민 E가 많이 들어 있다. 따라서 조리방법은 기름과 함께 조리하면 몸에 쉽게 흡수된다. 게다가 가지의 조건이 스펀지 상태로 기름을 잘 흡수하는 성질을 갖고 있어 기름에 튀기거나 볶아 먹기에 알맞다.   더위에 지친 심신에 입맛도 살리고 몸에 좋은 보양식으로 가지를 기름에 볶거나 튀겨 먹어보자."
21,마늘장아찌는 식초와 간장으로 만드세요,"고조선의 건국신화에 등장할 만큼 마늘은 오랫동안 우리의 식문화와 함께 했다. 성질은 온하고 몸을 따뜻하게 하여 말초혈관을 확장시키고 신진대사를 증진시킨다. 또한 위액의 분비를 촉진하여 소화 장애에 효과가 있다. 강한 항균작용과 보온 효과로 감기나 냉증에 도움이 된다. 하지만 마늘은 자극이 강한 식품이므로 공복에 생것으로 먹는 것은 삼가야 한다. 마늘의 성분은 수분 70%, 단백질 13%, 회분 99mg%, 칼륨33mg%, 칼슘 21mg%, 마그네슘, 인산 등이 함유되어 있고 비타민 B1, B2, C도 약간 함유되어 있다. 마늘의 풍부한 영양소와 생리활성에 불구하고 마늘이 지닌 강한 냄새는 다른 사람의 불쾌감을 초래하기도 한다. 또한 마늘을 장기적으로 보관하기도 쉽지 않다. 따라서 마늘의 강한 냄새 제거와 저장성을 늘리기 위한 방법으로 마늘장아찌를 들 수 있다. 마늘, 식초, 간장, 설탕, 물 등을 넣어 항아리에 넣어 보관 후 1주일 정도 지나 간장물을 끓여 다시 부어 밀봉하여 1개월 정도 보관 후 먹는 방법이다. 이 방법은 마늘의 생리활성은 변하지 않고 강한 냄새는 제거 가능하여 오랫동안 마늘을 먹을 수 있다."
22,머위나물에는 들깨즙을,"머위는 지방에 따라 머우 · 머구 등으로 불리는 이름이 다르다. 머위의 잎과 줄기는 쓴맛이 강해 데치거나 삶아서 먹는다. 머위나물은 머위의 연한 줄기를 삶아 깨즙을 넉넉히 넣어  끓인 숙채이다. 주요 영양소는 잎에 존재하며 비타민 A의 전구체인 베타카로틴을 비롯 다양한 비타민이 골고루 들어있다. 머위는 칼슘을 다량 함유한 알칼리성 식품으로 독특한 향을 가지고 있어 향채로서의 역할이 크다. 머위를 삶다 보면 쉽게 갈변현상이 생기는데 이는 클로로겐산과 폴리페놀 성분 때문이며 색이 변하지 않게 삶으려면 약간의 소금을 첨가 하거나 쌀뜨물을 이용하는 것이 좋다. 머위의 아린 맛을 없애기 위해서는 삶은 머위를 찬물에 담가둔다.   들깨의 주성분은 지질 47.2%가로 불포화지방산중의 우리 몸에서 합성할 수 없어 꼭 식품을 통해 먹어야 하는 필수지방산인 리놀레산을 60% 포함한다. 이외 단백질 18.2%, 식이섬유, 회분 등을 함유하고 있다. 들깨는 동맥경화증의 예방, 빈혈이나 피부염 개선에 효과가 있다.  들깨즙은 들깨에 쌀가루를 섞고 물을 부어 곱게 갈아서 만든 것으로 잘 손질된 머위에 다진 마늘, 소금을 넣고 양념하여 기름을 두르고 살짝 볶는다. 여기에 들깨즙을 넣고서 소금으로 간한다. 이렇게 만들면 조금 씁쓰름한 머위 맛이 부드러워지고 봄의 향미를 맛볼 수 있으며 영양학적으로도 균형이 잘 잡혀 좋다. "
23,아침에 뇌를 깨우는 벌꿀 인삼차,"인삼은 오갈피과에 속하는 다년초이다. 우리나라에서 재배되기 시작한 것은 고려 때 이고 본격적인 인삼 경작은 조선 숙 &#8228; 영조 때 와서 대량으로 재배되고 대외적으로 인삼의 효능을 인정받게 되었다. 인삼의 성분은 수분이 1.7%, 단백질 13.7%, 지방 3.4%, 탄수화물 67.3%, 무기질 3.9%, 비타민 C는 없다. 인삼의 효능은 피로, 스트레스, 고혈압, 동맥경화증, 빈혈, 당뇨병, 궤양 등에 효과가 있으며 최근 보고에 의하면 항암작용이 있음이 밝혀지고 있다. 인삼을 먹는 방법도 다양하여 식품으로 활용한 예는 차를 만들어 마시거나 생즙을 마시거나, 인삼죽, 인삼정과 등을 만들어 먹었다. 특히 꿀이나 설탕에 재어 만든 정과는 우리의 전통식품으로 생삼을 꿀에 버무려 약한 불에서 조린 음식으로 강장효과가 있다.   꿀은 오래 전부터 인류가 천연감미료로 이용해 왔으며 꿀의 종류에 따라 색깔과 맛이 다양하다. 벌꿀의 주성분은 당질이고 그중 과당이 36~38%, 포도당이 34~36%, 설탕과 덱스트린이 2~3% 함유 되어 있다. 꿀은 위장이 약한 사람에게 좋고 피로회복에 좋으며 피부보호 작용도 가지고 있다. 우리의 뇌는 유일하게 에너지원으로 포도당만을 필요로 한다. 꿀에는 포도당 뿐 만 아니라 항산화 물질도 함유하고 있다. 꿀이 가지고 있는 뛰어난 항산화의 위력은 혈액을 맑게 해주는 역할을 한다. 꿀은 고열량이므로 인삼과 함께 복용할 경우 궁합이 잘 맞는 식품으로 아침에 산뜻하게 뇌를 깨우고 인삼의 효능을 높이기 위해 인삼차를 마시는 것도 좋다. "
24,시금치나물엔 볶은 참깨를 송송 뿌린다.,"시금치는 4계절 재배할 수 있는 저온성의 녹엽 채소로 명아주과에 속하는 1~2년 초이다. 시금치에는 비타민의 종류가 골고루 들어 있는데 특히 비타민 A와 C가 많다. 칼슘과 철분  등이 풍부해 성장기 어린이는 물론 임산부에게 권장할 만한 식품이다. 또한 우리 몸에 보혈작용과 강장효과도 있다. 그러나 시금치를 많이 먹는 경우 결석이 생성 될 수 있는데 이는 시금치에 풍부한 수산(옥살산) 때문이다. 수산은 체내에서 칼슘과 결합하여 신장, 방광에 결석을 만든다. 결석 방지를 위해서 칼슘과 수산의 비율을 1.1:2정도 되도록 조절을 할 경우 수산은 몸 밖으로 배출되게 된다. 따라서 시금치의 영양을 충분히 살리고 칼슘의 흡수를 높이기 위해서 칼슘이 많이 들어 있는 식품과 배합을 하는 것이 중요하다.    참깨의 주성분은 지질로 약 50% 포함하고 단백질은 약 20%이다. 트립토판, 메티오닌 등 아미노산이 풍부해 식물성 단백질 중 영양적으로 우수하다.  철분 함량도 높고 특히 칼슘(1,200mg%)이 풍부하여 시금치와 잘 어울리는 식품이라 할 수 있다. 세포의 산화를 억제하여 노화를 억제하는  비타민 E, 동맥경화를 방지하는 리놀렌산, 스테아르산 등이 많이 포함되어 있다. 고소한 향과 맛을 가진 참깨를 시금치과 함께 먹는다면 자연스럽게 결석의 염려도 없애고 시금치에 부족한 단백질, 지방, 칼슘, 비타민 B등을 자연스럽게 공급 할 수 있다."
25,술 마신 후 숙취 해소에 좋은 취나물과 두부요리,"취는 산야에 자생하는 엉거시과에 속하는 다년초인 산채이다. 그의 성분을 살펴보면, 수분 87.5%, 단백질 3.3%, 지질 0.4%, 당질 5.4%, 조섬유 , 무기질과 비타민을 함유하고 있다. 특히 비타민 A의 전구체인 카로틴과 비타민 B 복합체가 들어 있다. 취나물 중의 비타민 C가 알코올을 분해하는데 도움을 주며 또한 비타민 B2는 간의 해독작용을 도와준다.  술을 마신 후 숙취용으로 취나물은 제격인 반찬이다. 이때 더욱 취나물의 효과를 보기 위해 두부요리를 함께 곁들이면 더욱 간에 도움이 된다. 두부 안에 있는 콜린은 간에 지방이 축적되는 것을 막아주는 역할을 수행한다. 술을 마신 후 두통, 구토 증세가 생기는 것은 체내에 들어온 알코올의 분해 과정 중 생성되는 아세트알데하이드가 분해되지 못했기 때문이다. 따라서 음주 후 충분한 단백질과 비타민이 공급되어야 한다. 취나물과 두부는 숙취를 제거하고 간을 해독하는데 도움이 되는 음식이다."
26,죽순의 잡맛을 없애는 쌀뜨물,"죽순은 대나무의 땅속뿌리에서 돋아나는 어리고 연한 싹을 말한다. 예부터 조상들은 죽순을 이용한 죽순채, 죽순밥, 죽순탕, 죽순정과, 죽순나물 등 다양한 음식을 만들어 먹었다. 죽순을 이용한 음식은 우리나라 뿐 만 아니라 중국이나 일본 요리에도 다양하게 이용되고 인도네시아, 필리핀, 인도, 베트남 등 동남아시아에서는 흔하게 먹는 채소이다. 이렇게 많은 국가에서 다양하게 이용되는 죽순에는 시아노겐이라는 유독 물질을 함유하고 있어 날것으로 먹지 못하고 삶아서 이용해야 한다. 죽순에는 단백질이 2.5%, 비타민 B군과 C가 함유되어 있고 섬유소도 풍부한 식품이다. 죽순은 채취 후 바로 가공처리 하지 않으면 호흡을 계속 하면서 신진대사가 진행되어 죽순에 옥살산, 호모겐티딘산 등 좋지 않은 맛을 생성한다. 이 잡맛을 제거하는 방법은 쌀뜨물에 죽순을 담그는 것이다.  쌀뜨물은 밥을 짓기 전 쌀을 물로 씻으면 유백색의 뜨물이 나온다. 쌀뜨물에는 쌀이 가지고 있는 전분, 수용성 단백질, 지방, 섬유소 등이 섞여 있다. 쌀뜨물에 죽순을 담그게 되면 죽순의 영양성분의 손실이 훨씬 적고, 죽순이 가지고 있은 섬유질을 부드럽게 하는 효과가 있다. 잡맛이 없는 맛있는 죽순을 조리하기 위해서 쌀뜨물을 이용해 보자."
27,더덕이 고추장으로 옷을 입을 때,"더덕은 우리나라 여러 곳에서 자생하며 근래에는 재배하기도 한다. 초롱꽃과에 속하는 다년생 만초이다. 덩이뿌리는 비대하고 방추형이며 넝쿨진 줄기는 감겨 뻗어 올라가고 길이는 2m이상에 이른다. 더덕은 한약에서 진해, 거담, 해독, 건위강장제로도 쓰인다. 더덕의 일반성분 함량은 대체로 수분 82.2%, 단백질 2.3%, 지질 3.5% 탄수화물 4.5%, 섬유소 6.4%, 회분 1.1% 외 철분, 비타민류, 등이 포함되어 있다.   특히 탄수화물의 경우 과당, 포도당, 설탕 등이 함유되어 있고 칼슘이 비교적 많으며 사포닌 및 스테롤 성분등도 포함되어 약리효과가 있다. 민간에서는 고혈압 및 당뇨병 치료에 쓰였다. 최근에는 항암효과와 변비예방 효능이 밝혀지고 있다. 약용을 겸한 건강식품인 더덕을 고추장에 간장을 섞고 설탕, 기름, 다진 마늘과 파, 깨소금을 넣은 양념장을 발라 석쇠에 구워 낸다. 구운 더덕구이는 고추장의 매운 맛, 단맛, 더덕의 독특한 향기가 어우러져 아주 특색 있는 구이가 만들어 진다."
28,토란의 아린 맛 다시마가 없앤다,"토란은 열대 &#8228; 온대지방에서 많이 재배되는 다년생 초본으로 지대가 낮고 습한 곳에서 잘 자란다. 한의학에서는 토란이 뱃속의 열을 내리고 위와 장의 운동을 원활하게 해주는 식품으로 알려져 있다. 토란의 주성분은 전분이며  독특한 단맛이 나는데 이는 덱스트린과 설탕이 함유되어 있기 때문이다. 알칼리성 식품으로 소화를 돕고 변비를 치료, 예방해주는 완화제로 쓰이기도 한다. 토란의 아린 맛 성분인 수산석회는 많은 양이 체내에 축적되면 결석의 원인이 되기도 한다. 따라서 토란은 껍질을 벗기고 물에 담가 아린 맛을 우려내어 제거시켜야 한다. 토란과 잘 어울리는 식품이 다시마이다.   다시마는 곤포, 해태라 한다. 갈조류에 속하며 다시마에는 여러 종류가 있는데 본래 북아메리카 연안과 우리나라 동해안에서 많이 생산된다. 말린 다시마는 당질이 43.3%, 섬유 7.5%나 함유되어 있다. 특히 알긴산과 요오드의 함량이 높다. 이 두 가지 성분이 토란의 수산석회를 비롯한 유해성분의 체내 흡수를 억제시키는 특성을 가지고 있다. 요오드는 갑상선 호르몬을 잘 만들게 하여 대사를 촉진시킨다. 다시마에는 구수한 맛을 내는 MSG(monosodium L-glutamate)가 함유되어 있어 감칠맛을 돋우어 준다. 이 다시마의 감칠맛은 토란의 맛을 부드럽게 해준다. "
29,"고사리나물엔 꼭 파, 마늘을 첨가 하세요","고사리는 이른 봄에 근경에서 돋아 나와서 꼭대기가 꼬불꼬불하게 말리고 흰솜 같은 털로 온통 덮여 있다. 제사상과 사찰음식에서 많이 이용하는 산나물 중 하나로 우리에게 친숙한 식품의 하나이다. 생 고사리의 성분은 수분 88.0~92.2%, 단백질 2.6~3.9%, 지질 0.1~0.3%, 당질 3.0~5.1%, 조섬유 1.3~1.7%, 회분 0.8~1.0%로 함유되어 있다. 고사리에는 비타민 B1의 분해 효소인 아뉴리나아제(aneurinase)가 들어 있어 지나치게 많이 먹는 경우 비타민 B1의 결핍이 초래될 수도 있다. 따라서 고사리의 부드러운 맛과 영양을 충분히 즐기기 위해서는 고사리의 떫은 성분 등을 우려내고 이용해야 한다. 먼저 큰 그릇에 고사리를 담고 중조의 따뜻한 수용액을 가하여 우려내고 완전히 냉각시킨 후 흐르는 수돗물로 씻어낸 다음 사용해야 한다. 다른 방법으로 마른 고사리를 쌀뜨물에 삶아 주름이 퍼질 정도가 되면 건져서 물에 헹군다. 고사리를 쌀뜨물에 삶을 경우 고사리의 영양 손실도 적고 고사리의 씁쓸한 맛도 제거 시킬 수 있다. 이렇게 준비한 고사리를 기름에 볶아 간장으로 양념하고 파와 마늘 으깬 것을 섞고 잘 볶아서 깨소금을 뿌려서 먹는다. 이 방법은 고사리나물이 비타민 B1을 많이 가질 수 있고 마늘에 들어 있는 알리신 성분이 추가되어 고사리의 영양적 결함을 보완해 준다. "
30,고구마를 먹을 때 김치와 함께,"고구마는 메꽃과의 다년생 초본으로 뿌리와 줄기 &#8228; 잎을 모두 이용할 수 있다. 고구마의 성질은 약간 차고 맛은 달다. 고구마에는 곡류에 없는 비타민 C를 많이 포함하며 특히 비타민 C는 조리과정에도 남는 장점이 있다 주요 성분은 대략 수분 70%, 당질 27.0%이며 회분은 0.7%로  이 중에는 칼륨의 함량이 429mg%로 특히 높다. 비타민 A의 모체인 베타카로틴이 들어 있고  산화작용을 억제하는 물질도 있다. 혈액의 콜레스테롤 수치를 떨어뜨리는 물질도 있다. 특히 고구마의 풍부한 섬유질은 대변 소통을 도와 변비에 뛰어난 효과가 있다. 김치는 배추를 소금에 절이고 젓갈 등을 사용하여 만들기 때문에 염도가 높다. 고구마는 칼륨의 양이 많아 나트륨의 함량이 많은 김치와 함께 먹으면 나트륨과 칼륨의 균형이 맞아 우리 몸에서 염류의 대사가 원활해져 고혈압, 동맥경화의 위험에서 벗어날 수 있다. 고구마을 먹을 때 김치와 함께 먹으면 김치안의 각종 비타민과 유산균과 유산 등 유기산을 공급 받을 수 있어 서로 아주 잘 어울리는  음식이다. "
31,당근은 꼭 식용유와 함께 먹어요,"예로부터 중국에 있었던 무와 흡사하다는 데서 당근이라 불리었다. 인삼이 없었던 일본에서는 당근이 인삼의 대용품으로 사용될 만큼 영양가가 높다. 성질은 따뜻하다. 주요 성분은 수분이 전체의 90~92%, 단백질 0.9%, 지방 0.2% 탄수화물은 6.7%로 비교적 많이 포함되어 있어 단 맛을 띈다. 당근은 먹는 방법에 따라 영양소의 흡수가 달라진다. 그것은 당근에 들어있는 특별한 카로틴 성분 때문이다. 당근의 적황색이 짙을수록 카로티노이드계 색소가 많고 그중 카로틴이 약 90%를 차지한다. 카로틴은 물에 용해되지 않는 지용성으로 비타민 A의 모체이다. 우리 몸에 비타민 A가 부족하면 점막의 각화, 야맹증, 발육부진, 피부 건조 등이 문제시 된다. 채소를 가열하지 않고 먹여야 영양소 파괴가 적다는 이유로 당근을 생것으로 먹거나 쥬스를 만들어 먹는 경우가 많다. 그러나 생당근 쥬스 안에는 카로틴과 섬유질이 거의 들어 있지 않다. 또한 생당근에는 산화효소인 리폭시다아제가 포함되어 있으므로 당근을 잘게 자르거나 으깨면 카로틴이 급속히 산화되어 비타민 A의 효력이 없어진다. 또한 비타민 A와 카로틴은 열에 비교적 강해 일반 조리법으로는 거의 손실이 되지 않는다. 흡수면에서도 날것으로 먹을 경우 거의 흡수되지 않지만 기름과 곁들여 먹으면 50%정도 익힐 경우 30%정도가 흡수된다. 이제부터라도 당근 조리는 꼭 기름을 사용해 보자."
32," 김구이에는 들기름, 참기름으로"," 신선한 들기름이나 참기름을 발라 막 구운 김의 맛과 향은 식욕을 돋운다. 김은 지방이 거의 없으며 단백질함량이 높고 비타민과 칼륨, 인 등의 무기질의 함량이 많다. 특히 카로틴을 많이 함유하고 있어 비타민 A의 좋은 급원이다. 김에 들기름을 발라 구우면 김의 향기와 맛을 돋우고 입안에서의 촉감도 좋아질 뿐만 아니라 김에 많이 존재하는 지용성의 카로티노이드 색소의 흡수를 좋게 한다. 다만  김에 바른 들기름은 불포화지방산이 많아 공기와 접촉 시 쉽게 산패한다. 기름이 산패되면 찌든 냄새가 나고 우리 몸에 유해한 과산화물질 등이 생성되어 여러 가지 질병이나 노화의 원인이 되므로 김에 기름을 발라 먹을 때에는 신선한 기름으로 구이를 해서 바로 먹는 것이 좋다."
33,나른한 봄날 콩가루 묻힌 냉이국 한 그릇,냉이는 초봄에 봄기운과 함께 겨우내 부족했던 비타민을 보충하기에 가장 좋은 식품이다.성질은 너무 차지도 너무 따뜻하지도 않으며 단맛이 있다. 냉이는 우리나라 전 지역에 골고루 분포하는데 잎과 뿌리를 채취하여 식용한다. 겨자과에 속하는 월년초로 채소 가운데서 단백질 함량이 가장 높다. 또 비타민 A와 비타민 C는 야채채소로서는 많은 편이다. 하지만 냉이가 가지는 독특한 향 때문에 날것으로 먹는 것보다는 국이나 나물로 해먹는데 이때 열에 약한 비타민 B1이나 C가 파괴된다. 이 점을 보완하기 위해 우리의 조상들은 냉이국을 끓일 때 쌀뜨물과 날콩가루를 이용하였다. 냉이국에 쌀뜨물을 넣으면 더욱 구수하고 냉이에 날콩가루을 묻혀 국에 넣으면 콩가루의 단백질과 지질이 냉이 표면을 보호하여 파괴되기 쉬운 비타민B1 이나 C의 손실이 적게 된다. 또한 냉이가 가지는 식이성 섬유는 변의 배설량을 증가시키고 장내의 유용균 활동을 돕고 콜레스테롤을 흡착 배설하는 작용이 있어 심장병 예방에도 큰 효과가 있다. 겨울내내 움추렸던 우리 몸에 생기를 줄 수 있는 비타민과 단백질이 풍부한 냉이 된장국을 끓여 보자.
34,솔잎과 아쿠르트,"솔잎에는 단백질, 지질, 철 각종 미네랄, 효소와 함께 비타민 A와 K, C가 함유되어 있다. 예로부터 수행을 위한 강한 체력을 만드는데 소나무가 좋다고 했다. 또한 솔잎은 오장육부를 튼튼하게 하고 허기를 느끼지 않게 한다. 생체조직의 대사를 촉진시키고 수렴성 소염작용과 지혈작용도 한다. 그 뿐만 아니라 솔잎의 효능은 고혈압 강화, 심장강화, 강정작용으로 적혈수를 증진시켜 빈혈에 좋으며 모세혈관을 강화하는 각종 비타민과 루틴이 함유되어 있어 노화 방지 효과도 크다. 하지만 솔잎은 조직이 단단하고 향이 강렬하여 그 자체로 먹기는 쉽지 않다. 그래서 성분의 변화가 없고 같이 먹기에 좋은 식품으로 야쿠르트가 좋다.  야쿠르트는 성질은 평이하고 신맛과 단맛이 있다. 탈지유, 환원우유, 전유 등을 살균한 다음 젖산균의 순수 배양을 첨가하고 발효 및 응고 과정을 거쳐 설탕이나 기타 여러 가지 과일 향이나 성분을 첨가하여 만든다. 원료가 우유이므로 영양가가 높은 유단백질과 무기질류 및 비타민류가 들어 있다. 또 젖산 발효에 의해서 소화 흡수가 잘 되고 살아있는 젖산균을 포함하고 있어 부패균의 증식을 저지하므로 정장 작용을 한다. 또한 유당 불내증이 있는 경우도 소화 흡수가 잘되는 발효식품이다. 야쿠르트에 솔잎 녹즙을 섞으면 야쿠르트의 단백질이 솔잎 성분을 보호하고 신맛 성분인 유산이 비타민 C가 산화되는 것을 방지하는 효과도 있어 더욱 좋다. "
35,무말랭이에 조청을 넣어 조리 해요,"무는 배추와 함께 우리나라의 가장 대표적인 채소이다. 봄, 여름, 가을에 파종을 해 가을의 김장무로 이용하며 뿌리와 잎을 식용한다. 무 뿌리에는 여러 가지 효소가 포함되어 있다. 특히 전분 분해효소인 아밀라아제를 함유하고 있어 소화가 촉진되어 위의 부담이 적다 날무에 수분 94.3~95%로 수분양이 많아 김치를 담가 오랫동안 보관이 어렵다. 가을에 채취한 무를 오랫동안 보관 할 수 있는 방법이 무를 햇빛에 건조 시키는 방법이다. 되도록 얇게 썰어 바람이 잘 통하는 곳에서 말린다. 무말랭이는 수분 함량이 현저히 감소하여 16%이고 당질 59%, 단백질 9.4%, 지질 0.5%, 섬유 0.6%, 회분 7.5%, 칼슘 470mg%, 철 9.5mg%, 비타민 C 20mg% 등이 함유되어 있다. 이는 날무보다 영양소가 증가된다. 무말랭이의 조리법은 주로 무침을 많이 만들어 먹는다.  무침을 할 때 물엿, 조청을 첨가하면 윤기가 있어 보기 좋을 뿐 아니라 식욕을 돋고  수분 증발을 막아 궁합이 아주 잘 맞는 음식이다. 가을철 무가 풍성할 때 무말랭이를 장만하여 조청을 곁들인 무말랭이 무침을 만들어 보자."
36,비타민 E의 기능을 향상시키는 셀레늄,"비타민 E는 출산(tocos)과 관계가 있다고 하여 토코페롤(tocopherol, 항불임성인자)이라고 부른다. 비타민 E는 간, 장어, 고등어, 꽁치, 연어 ,대두, 호박, 무잎, 아보가도, 시금치, 키위, 아몬드, 깨 등에서 얻을 수 있다.   지용성 비타민으로 자연계에 존재하는 식품 성분 중 가장 항산화력이 크다. 우리 몸의 세포막 성분은 다가불포화지방산이 많아 쉽게 산화되어 세포막이 손상되고 질병을 발생시킨다. 비타민 E의 생리적 기능을 더욱 향상 시킬 수 있는 성분이 셀레늄이다.   셀레늄은 인체 내의 중요한 항산화제 역할을 하는 글루타치온의 기능에 관여한다. 이 무기질은 주로 마늘, 파, 토마토, 브로콜리, 양파, 참치, 치즈, 우유, 간 등에 많이 들어 있다. 야채내의 셀레늄의 함량은 재배된 토양 조건에 따라 조금씩 달라진다.  인체는 항산화력이 클수록 정상적인 기능 유지와 젊음을 유지 할 수 있다. 이제 음식을 만들 때 비타민E와 셀레늄이 들어 있는 식품을 골라 조리를 해보자. "
37,아이들의 훌륭한 간식 호박고구마범벅,"호박은 동남아시아의 습기가 많고 더운 지방이 원산지이다. ‘오랑캐로부터 전해진 박과 비슷하다’ 해서 호박이라는 이름이 붙여졌다. 호박의 주요 성분은 수분이 90%를 차지하며 채소 가운데 녹말이 가장 풍부하다. 호박이 누런색을 띄는 것은 카로틴과 잔소필(xanthophyll) 때문이다. 따라서 비타민 A가 풍부하고 비타민 B, C도 함유하고 있다. 호박은 찬 성질을 가지고 있어 소화기가 약한 사람은 많이 먹지 않는 것이 좋다. 호박전, 호박찜, 호박고지, 호박김치, 호박무름, 호박범벅 등 호박을 이용해 다양한 음식을 만들 수 있다.   고구마는 메꽃과 식물로 감자보다 단맛이 있다. 원산지는 중앙아메리카에서 남아메리카에 이른다. 주성분은 당질이고 단맛 성분은 자당, 포도당, 과당 등이 있다. 단백질, 망간, 구리, 코발트가 함유되어 있고 비타민 C는 조리과정 중에도 파괴가 되지 않고 70~80% 정도가 남아 있다. 호박과 고구마을 한데 섞은 호박고구마범벅은 만들기 쉬운 고농축 영양식으로 성장기 어린이에 좋은 간식이 될 수 있다. 늙은 호박, 밀가루, 풋콩, 고구마, 들깨, 소금약간을 넣어 만든 호박고구마범벅은 호박의 비타민의 모체인 베타카로틴의 함량이 많고 풋콩의 있는 풍부한 단백질과 콜린이 자연스럽게 공급되고 또한 고구마의 섬유질 함량이 많아 체내 유해 물질을 배출하는데 도움이 되는 음식이다."
38,마늘 냄새 걱정은 가라~~," 마늘에는 수분, 단백질, 비타민 외에 미량 무기질 및 셀레늄, 게르마늄 등이 들어 있다. 아주 오래 전부터 많은 나라에서 식용 뿐 만 아니라 약용으로 이용되어 왔다. 마늘의 특징 중 강한 냄새와 살균력은 주로 알린(alliin)과 알린이 가수분해 되어 생성된 알리신(allicin) 때문이다. 이 알리신은 비타민 B1의 흡수를 촉진하여 당질 대사를 향상 시켜준다. 또한 체내의 콜레스테롤을 낮추며  알리신은 혈전 생성을 억제하는 효과가 있어 혈압이 높은 고혈압인 사람에게도 좋다. 동물실험에 의하면 마늘을 투여 한 군에서 종양세포의 성장을 억제하는 결과가 보였고 이러한 결과는 인체의 항산화력이 증대되기 때문이다. 우리 몸의 방어 기전인 항산화력이 강해지면 암세포에 대한 저항력이 증대 된다. 하지만 마늘이 가진 강한 냄새 때문에 꺼리는 사람이 많이 있다. 냄새를 제거하기 위한 방법이 많이 있는데 그중에서 파슬리를 이용하면 마늘의 냄새를 제거하고 파슬리의 영양성분도 취할 수 있어 일석이조 격이다.  파슬리는 미나리과에 속하는 2년생 초본으로 독특한 향미를 가진다. 주로 서양요리에서 장식용으로 많이 이용된다.  파슬리는  비타민이 풍부하고 무기질 및 빈혈 치료와 적혈구 형성에 도움이 되는 철분의 함량이 많다. 건강에 좋은 마늘을 먹은 뒤 냄새가 걱정 된다면 이제 후식으로 파슬리를 넣은 샐러드를 준비해 먹어보자. "
39,연근의 변색은 식초로 막으세요,"연은 불교에서 극락세계를 의미하여 사찰음식의 재료로 많이 이용되었다. 또한 중국에서는 연을 중히 여겨 잎, 꽃, 열매, 뿌리의 모든 것을 약재나 식품으로 이용해 왔다. 연의 지하경을 연근이라고 한다. 연근의 주성분은 당질로 대부분 전분이다. 단백질의 함량이 8%정도 되고 아미노산은 아르기닌, 아스파라긴산, 티로신 등이 함유되어 있으며 레시틴, 펙틴도 함유한다. 특히 빈혈에 좋은 비타민 B12가 일반 식물에 비해 다량 함유되어 있다. 예로부터 연근은 강정, 강장제로 이용되었다. 이는 숙취해소에 효과가 있는 아스파라긴산이 함유되어 있기 때문이다. 그 외에 폐병, 빈혈, 하혈, 각기에 효과가 있으며, 출혈성 위궤양이나 위염, 치질, 충혈, 설사, 야뇨증에도 좋고 저혈압인 사람에게 좋은 식품이다. 연근을 잘라 놓으면 색깔이 변색하는데 이는 크로로젠산과 폴리페놀 성분 때문이다. 변색을 막기 위해서 식초에 담가 두면 연근 본래의 색을 유지 할 수 있다. 연근을 삶을 때 주의 할 점은 너무 오래 삶지 않는 것이 좋다. 식초를 넣고 삶으면 잡맛도 제거되고 빛깔도 선명하게 유지할  뿐만 아니라 연근에 함유된 좋은 성분들도 유지 할 수 있어 좋은 방법이다. "
40,변비에 호두를 넣은 곳감쌈을 먹어요,"감은 맛이 달고 약간 떫으며 성질은 차가운 편이다.  종류도 다양하여 일본에서 건너온 단감, 홍시, 감의 껍질을 벗긴 곳감이 있다.  곳감의 표면에 하얀 분은 포도당, 과당이 건조에 의해 생성된 것으로 그냥 먹어도 된다. 감의 떫은맛은 탄닌성분 때문이며 수렴작용이 있어 인체 내 점막 표면의 조직을 수축시키는 약리작용을 하여 설사를 멎게 한다. 한편 감을 많이 먹으면 몸이 냉기가 생기는 경우가 있는데 그것은 떫은맛의 탄닌산이 철분과 결합하여 빈혈을 일으키기 때문이다. 이런 이유로 변비증세가 있는 사람은 먹는 것을 꺼려했다. 하지만 곳감에 호두. 잣 등의 종실류를 넣어 만들면 변비걱정이 사라진다. 호두는 성질이 따뜻하고 맛이 달고 고소하며 독이 없다. 호두에는 콜레스테롤치를 낮추는 불포화지방산이 50% 이상 들어 있고 단백질의 함량도 돼지고기의 2배에 이른다. 평소에 장이 약해 설사를 자주하고 식사 후 대변을 보는 사람들이 먹으면 장을 튼튼하게 만든다. 따라서 곳감에 호두, 잣을 넣어 만든 곳감쌈은 아주  잘 맞는 음식이다."
41,수정과에 동동 띄운 잣,"잣은 성질이 따뜻하여 오장육부를 튼튼하게 하는 효과가 있다. 늦가을인 10~11월에 수확하며 시간이 흐르면 산패하여 맛과 향이 떨어지므로 보관은 서늘하고 어두운 곳에 보관 하여야 한다. 잣의 주요 성분은 수분 5.5%, 지방 64.2%, 탄수화물 9.3%, 단백질 18.6%, 비타민과 무기질을 함유한다.   수정과는 생강과 계피를 다린 물을 달게 하여 곳감을 담가 부드럽게 하여 먹는다. 계피와 생강의 맛이 독특하여 우리나라 사람들이 식혜와 더불어 가장 즐겨 먹던 음료이다.   곳감은 감에 비해 저장성이 좋으며 맛과 영양이 좋다. 그러나 변비의 염려가 있는 사람을 주의해야 한다. 하지만 수정과를 만들어 잣과 함께 먹을 경우 변비의 걱정도 없을 뿐 만 아니라 잣에 들어 있는 양질의 불포화지방산과 철분을 취할 수 있어 서로 잘 맞는 식품이라 하겠다. "
42,목에 좋은 모과차에 유자청을 넣으세요,"‘어물전 망신은 꼴뚜기가 시키고 과일전 망신은 모과가 시킨다’ 는 속담에서 알 수 있듯이 모과는 향과 빛깔은 좋으나 맛은 시고 모양이 못생겼다. 모과의 성질은 따뜻하고 독성은  없다. 가래를 없애고 기침을 멎게 해 예로부터 기관지염, 인후염에 민간요법으로 이용해 왔다. 또한 한방에서는 관절통, 근육이 뒤틀리고 수분이 부족할 때 모과를 처방하였다. 과육의 주요성분은 수분 80%, 당질 13.4~20%, 섬유질 1.3~4.4%, 회분 0.3~0.7%이고 과실에는 구연산, 사과산, 주석산, 구연산, 비타민 C, 탄닌 등이 함유되어 있다. 모과는 소화효소의 분비를 촉진시켜 위를 비롯한 소화기관이 튼튼해지고 입덧이 심한 경우도 효과가 있다. 주로 모과는 차, 술을 담가 먹는데 주로 차를 많이 만들어 마신다. 모과와 설탕을 적당히 넣어 항아리에 담아 1개월 정도 재워 둔다. 모과 즙이 충분히 생기면 찻잔에 담아 뜨거운 물에 타 마신다. 모과차는 향은 좋지만 맛이 조금 밋밋한 편인데 유자에 설탕, 꿀을 넣어 만든 유자청을 곁들이면 유자의 상큼한 맛이 모과차에 더해져 더욱 풍미가 있다. 또한 유자의 풍부한 비타민 C가 보완되어 맛과 영양이 썩 잘 어울리는 차를 마실 수 있다."
43,송화가루와 꿀을 섞어 만든 송화다식,"송화는 봄에 소나무의 수꽃 이삭을 따서 꽃가루를 털어 얻은 것이다. 송화의 성분은 단백질, 당질, 비타민 B 복합체, 무기질이 함유되어 있고 아데닌, 히스티딘, 콜린 등도 함유되어 있다. 또한 신지대사를 촉진하는 폴리페놀과 정유도 있으며 체내에 세포막을 산화시키는 과산화물질을 제거하는 특징도 가지고 있다. 송화는 술에 우려먹거나 가루 그대로 먹기도 하였지만 주로 꿀과 함께 버무려 다식판에 찍어낸 다식을 만들어 먹었다. 송화의 차가운 성질을 보완 할 수 있는 꿀은 옛날부터 건강, 미용에 좋은 식품으로 이용되어 왔다. 꿀의 당분은 설탕보다 흡수가 잘되고 속이 차고 위장이 약한 소화기 장애에 효과가 있다. 또한 몸의 저항성을 증진시키고 비타민 B6을 많이 함유하고 있어 거친 피부를 매끄럽게 한다. 송화와 꿀을 섞어 만든 송화다식은 서로 잘 맞는 음식이다. 송화는 수렴작용이 뛰어나 변비를 일으킬 우려가 있으나 꿀은 송화의 수렴작용을 완화시켜 주는 기능이 있다. 또 다식은 만든 후 일정 시간이 경과하면 굳는 단점이 있는데 꿀은 보습력이 커 다식이 굳는 것을 막아 다식의 조직감를 부드럽게 유지시켜 준다. 또한 송화 가루의 밋밋한 맛에 꿀에 단맛이 더해져 더욱 맛도 좋게 만든다. "
44,겨울철 감기는 배와 생강이 해결한다," 배의 성질은 차고 서늘하며 맛은 달고 시다. 배에는 육질을 부드럽게 하는 성분이 있어 불고기를 잴 때 배를 썰어 넣었다. 배의 성분을 살펴보면 과육의 수분은 89%로 주성분은 당이다. 당 함량은 10~12%로 설탕, 과당, 솔비톨, 포도당, 이노시톨 등을 함유한다. 배의 까끌까끌한 석세포는 리그닌과 펜토산이 주성분이고 유기산으로 시트르산, 말산 등이 포함되어 있다. 배는 변비에 좋고 소변을 원활하게 하는 효과가 있으며 또 기침과 담이 있을 때 배즙에 생강즙과 꿀을 넣어서 먹으면 치료 효과가 있다. 배의 차가운 성분을 성질이 뜨거운 생강을 넣어서 부작용을 줄인 것이다. 생강의 따뜻한 성질은 뱃속을 따뜻하게 하여 소화기관을 튼튼하게 하고 혈액순환도 촉진하며 혈중의 콜레스테롤도 떨어뜨린다. 배즙에 생강은 배의 향미를 더해주어 치료효과도 있으면서 맛도 좋은 서로 잘 맞는 짝이다."
45,매실과 차조기의 절묘한 만남 -우메보시,"매실은 매화나무의 열매로 5~6월경에 채취한다. 덜 익은 열매를 채취하여 햇볕에 말려 쓰기도 하고 한방에서는 말린 매실을 약한 불에 쬐어 검은 빛이 도는 ‘오매’를 약용으로 이용하기도 하였다. 매실은 구연산, 사과산, 호박산, 탄수화물 등을 함유하며 특히 잘 익은 과실에는 시트르산, 말산, 옥살산, 수산, 푸마르산 등이 함유되어 신맛이 강하다. 매실의 신맛은 호흡 순환기에 효과가 있어 폐 기운이 약해 오래된 해소병, 기침 등의 증상에 효과가 있다. 또한 매실의 떫은맛은 수렴작용이 있어 오래 전부터 지사제로 쓰였고 갈증이 심할 때 갈증해소에도 효과가 있다. 매실을 이용한 음식에는 매실장아찌, 매실주, 매실잼 등이 있으나 일본의 우메보시는 매실을 이용한 대표적인 음식이다. 청매를 이용한 우메보시가 붉은 색을 띄는 이유는  차조기 잎과 매실의 화학적 반응의 결과이다. 차조기잎을 짠 물을 매실에 넣으면 매실에 함유된 여러 가지 산 성분과 차조기잎의 안토시안(anthocyan) 색소의 화학반응 결과로 붉은색으로 변하게 된다. 차조기는 차조기과의 1년초로 잎은 자색을 띄고 독특한 향을 가진다. 특별한 손질이 없이 잘 자라며 자색종과 녹색종 두 종류가 있다. 차조기의 성분은 단백질, 당질, 섬유소, 회분 외 무기질을 함유하며 특히 비타민 A와 C는 다른 채소류에 비해 월등히 함유량이 많다. 또한 콜레스테롤을 제거하는 필수 지방산인 리놀산이 풍부히 함유되어 있고, 착색료, 방부제로서의 역할도 있다. 따라서 5~6월에 생산되는 청매와 천연색소인 차조기잎의 만남은 여름철 부패의 걱정도 없애고 색도 예쁘게 낼 수 있는 우메보시를 만들 수 있다."
46,튀김을 먹을 때 토마토와 함께 즐겨요,"최근 토마토의 붉은 색소 성분인 리코펜이 항산화작용으로 심혈관 질환과 암예방효과가 있음이 밝혀져 주목을 받고 있다. 토마토의 본래 산지는 남미의 서부 고원지대이고 우리나라의 전해진 것은 1600년경으로 추정된다. 토마토의 성질은 평이하며 소화를 촉진하고 위장기능을 도와준다. 주성분은 수분 92%, 당분 3.0%, 유기산의 함량이 작아 신맛이 거의 없다. 특히 비타민 A의 전구체인 베타카로틴과 B, C 루틴, 카로틴류의 붉은색소 리코펜을 함유하고 있다. 토마토의 효능 중 혈압을 내리는 기전은 토마토에 들어있는 비타민 C가 인체 내의 모세혈관을 튼튼하게 해주고 루틴이 삼투압을 조절하여 모세혈관을 강하게 하는 작용을 가지고 있기 때문이다. 또한 토마토는 탄수화물대사나 지질대사를 도와주는 작용이 있어 비만을 염려하는 사람들이 안심하고 먹어도 되는 채소이다.    기름에 튀긴 음식은 풍미가 좋아 성호도가 높은 음식이긴 하나 열량이 많고 위에 부담이 되어 비만을 염려하는 사람들은 꺼리게 된다. 하지만 토마토와 함께 먹으면 소화를 촉진하여 위의 부담을 줄여 줄 뿐 아니라 토마토에 풍부한 식이섬유소 는 장운동을 도와주는 역할을 한다."
47,바나나와 파인애플을 섞어 쥬스를 만들어요,"바나나의 원산지는 열대 아시아이고 성질은 차가운 편이며 맛은 달다. 바나나 100g 에는 87kcal의 열량을 갖으며 수분 64%, 단백질, 셀룰로오스, 헤미셀룰로오스 등이 함유되어 있다. 칼륨이 풍부하고 비타민 B6와 C도 함유한다. 바나나의 단맛은 과당과 포도당으로 주로 단당류나 이당류로 소화흡수가 쉬운 편이다. 바나나는 심장박동 조절이나 신체의 무기질의 균형을 유지해 주며 펙틴의 함유로 변비에 효과적이다. 바나나는 다른 식품들과 잘 어울리는 성질을 가지고 있어 우유나 쥬스 등에 많이 이용되고 있다. 파인애플은 특히 바나나와 조화가 질 되는 과일로 바나나에 없는 구연산, 사과산, 주석산등의 신맛 성분이 다량 들어 있다.   또 비타민 B1, B2, C 식이섬유를 함유하고 있다. 또한 파인애플은 육류의 단백질을 분해 하는 효소도 가지고 있다. 바나나가 가지는 풍부한 당질을 대사하는데 도움이 되는 비타민 B1을 가지는 파인애플과 함께 섞은 쥬스는 신진대사를 촉진할 뿐 아니라 피로회복에도 효과가 있다."
48,따뜻한 감잎차에 상큼한 유자청을 넣어 봐요,"근 비타민 C가 노화를 억제하고 건강을 유지시키는 영양소로 각광을 받고 있다. 비타민 C는 아스코르빈산이라고 불리며 우리 몸에서 중요한 역할을 담당한다. 세포와 세포를 잇는 결합조직의 형성물질인 콜라겐을 합성하고 피부의 멜라닌이라는 색소의 침착을 막아주며 여러 내분비호르몬의 균형을 잡게 해준다. 비타민 C는 주로 채소, 과일 등에 많이 함유 되어 있는데 특히 감잎에 많이 들어있다. 감잎에는 섬유질, 단백질, 엽록소, 비타민, 무기질이 많은데 비타민 C와 폴리페놀, 엽록소 등과 함께 우리 몸에 유익한 영향을 미친다.감잎 100g 중에는 500mg의 비타민 C가 함유되어 있는데 이것은 레몬의 10~20배나 되는 많은 양이다. 감나무의 새순을 돋아내는 봄 비타민의 보고인 감잎을 따서 감잎차를 만들어 1년 내내 비타민 C를 마셔보자. 감잎차를 만드는 방법은 찜통에 김이 오르기 시작하면 잘 씻어 준비한 감잎을 살짝 쪄 내고 그늘에 말려 밀폐된 용기에 넣어 보관한다. 감잎차의 비타민 C는 많은 양이 물에 용출된다. 감잎차는 감기, 위염, 당뇨병 등의 질환에도 효과가 있어 차로 즐기기에 좋다. 그러나 감잎차는 다른 차에 비해 단맛이나 상큼한 맛이 부족하다. 감잎차를 보완 할 수 있은 것이 유자이다. 감잎차에 유자의 새콤달콤한 맛이 더해지면 맛도 좋고 영양가도 더욱 상승하여 궁합이 잘 맞는 식품이라 할 수 있다."
49,임산부들은 굴과 우유를 함께 드세요.,"굴은 강장 &#8228; 강정 작용이 뛰어난 식품으로 스테미나 증강에 도움이 될 뿐 아니라 소화흡수도 잘 되고 피의 흐름을 좋아지게 하여 피로회복에도 큰 도움을 주며 각종 미네랄과 아미노산이 풍부하여 내장 기능을 강화시켜 주는 역할을 한다.  또한 특수성분으로 유황 함유 아미노산의 한 종류인 타우린이 들어있어 콜레스테롤 수치를 감소시켜 혈압을 조절해 주는 역할을 하며 시력을 향상시키는 작용 뿐 아니라 빈혈과 당뇨병 예방에도 생리적 효과가 큰 것으로 알려져 있다.  우유는 우리 몸에 필요한 영양소들을 거의 완전하게 함유하고 있는 것으로 잘 알려져 있는 이상적인 식품이다. 그런데 우유가 다른 것에 비해 아연의 함량이 비교적 적은 반면, 굴은 식품 가운데 아연이 많이 들어있다.   임신한 여성들이 구토 증세로 고생하는 경우가 많은데 이는 비타민 B6를 무기질 아연과 함께 섭취하면 효과를 볼 수 있다. 즉 아연이 많이 들어있는 굴과 비타민 B6가 풍부한 우유를 함께 섞어 요리한 음식은 임신한 여성에게는 매우 훌륭한 간식이 될 것이다.  이 밖에 아연을 비교적 많이 함유하고 있는 식품인 새우, 대두, 난황, 치즈, 표고, 무말랭이, 미역 등과 비타민 B6 를 많이 함유하고 있는 효모, 간, 육류, 생선, 달걀, 분유, 두류 등을 같이 먹어도 좋다."
50,무를 넣어 고등어의 비린내를 없애요.,"고등어는 철분이 많을 뿐 아니라 흡수율이 높아 식욕부진, 월경불순, 두통, 피로, 빈혈 등에 효과가 좋은 식품이다. 특히 감기 바이러스에 대한 저항력을 기르는데 무엇보다 비타민A가 중요한 데 고등어와 같은 등푸른 생선에는 비타민A가 많이 들어있어 감기를 예방하는 식품으로도 잘 알려져 있다.  또한 DHA가 들어 있어 뇌기능을 향상시키고 치매예방에도 좋을 뿐 아니라 콜레스테롤치를 감소시키고 심장을 보호하며 간의 해독작용을 돕는 타우린이 들어있어 당뇨병에도 치료효과가 있는 식품이다.  생선조림을 할 때에는 무가 꼭 들어가는데 무에는 소화효소가 많기 때문에 소화를 촉진시킬 뿐 아니라 무의 매운 성분인 이소시아네이트 등이 생선의 비린내를 없애주는 역할을 한다. 횟집에서 무채를 깔고 회를 내놓는 이유도 이와 비슷하다.   고등어조림을 할 때에는 무에 양념장과 물을 붓고 끊여 익힌 다음 고등어에 밀가루를 묻혀 지진 고등어를 채소와 함께 넣고 버무리듯이 살짝 조려야 더욱 맛이 난다."
51,복어 요리엔 해독성분이 뛰어난 미나리를 넣어요.,"복어살은 희고 맑으며 양질의 단백질이 많은 반면 지방이 적어 고단백 식품으로 잘 알려져 있다. 복어는 주로 회나 포를 만들어 먹는데 예전에는 복어를 잘 다루지 못해 식중독으로 목숨을 잃는 경우가 많았다.   복어는 3월이 산란기인데, 이 시기가 가장 독성이 강한 때로 알려져 있다. 복어의 독은 테트로도톡신으로서 복어의 난소와 간장에 특히 많고, 소화관, 피부, 혈액에도 존재한다. 보통사람들이 조리하기에는 위험하므로 복어요리는 복어를 다룰 수 있는 면허증을 가진 사람이 하고 있다. 이 독성분은 동물의 중추와 말초신경에 작용하여 지각이상, 운동장애, 혈류장애를 일으킨다고 한다. 복어독의 중독증세는 피부나 혀의 앞부분에 마비가 일어나고  그다음으로 운동장애가 오며 호흡마비가 일어나면서 사망하게 된다.  복어탕을 끓일 때 미나리를 넣으면 맛도 좋을 뿐 아니라 복어의 독을 중화하는 작용을 해 복어와 미나리는 서로 잘 맞는다고 할 수 있다. 요즈음 하수처리장, 축산 폐수장, 오&#8228;폐수의 수질 정화물질로 미나리를 많이 보급하고 있는 까닭도 미나리가 해독 및 중금속 정화작용이 뛰어나기 때문일 것이다. 매연이나 먼지가 많은 곳에서 일하는 사람들은 미나리를 자주 먹으면 기관지와 폐를 보호할 수 있어서 좋다고 한다.  또한 미나리는 피를 맑게 하는 식품으로 해열진정, 해독, 혈압 강하, 일사병에 효능이 뛰어난 식품으로 알려져 있다. "
52,재첩국에는 부추를 넣어 끓여요.,"지리산 서쪽 자락을 휘감고 내려 영·호남을 가로지르는 섬진강변의 별미 중 첫손에 꼽히는 것이 있다면 바로 재첩이다. 섬진강 일대에서 많이 잡히는 재첩은 일반조개보다 크기는 작지만 영양분은 두 배 이상이다.  재첩은 검고 알이 큰 것이 질이 좋은 것이며 재첩을 요리할 때는 민물에 담가 모래를 토해 내게 한 후 사용해야 한다.   재첩은 비타민B와 베타인, 메치오닌 등의 아미노산이 풍부하고 타우린이나 아미노산은 담즙산과 결합되어 해독작용을 함으로써 간장의 기능을 촉진시키고 황달에 치료효과가 높다. 또한 여러가지 미네랄과 소화를 돕는 각종 효소도 들어 있어 간기능을 향상시키며 특히 비타민 등 각종 무기질이 풍부하게 함유되어 있어 재첩으로 끓인 국은 음주 후 숙취해소에 탁월한 효능이 있어 최고의 해장국으로 손꼽힌다.  재첩은 이렇게 영양면에서 우수한 식품이지만 비타민A의 함량이 적다는 결점이 있다. 그래서 재첩을 끓일 때 비타민A의 모체인 배타 카로틴이 매우 풍부한 부추를 넣어 끓이면 이러한 결점을 보완할 수 있어서 좋다.  또한 부추의 알릴 성분은 소화를 돕고, 장을 튼튼하게 하며 강장 강정효과가 뛰어나다."
53," 추어탕의 비린내를 없애주는 향신료, 산초","여름 무더위에 시달린 우리의 몸에 원기를 불어 넣는 식품으로 옛날부터 추어탕이 추천되어 왔다. 미꾸라지는 미끈미끈하기 때문에 붙여진 이름으로 논과 도랑 또는 얕은 흙탕바닥에서 주로 살지만 요즘은 양식을 많이 하고 있다.  미꾸라지의 한명(漢名)이 추어(鰍魚)인데 가을에 제 맛이 난다고 해서 붙여진 것이다. 미꾸라지는 겨울에는 흙탕물 속에서 먹이를 먹지 않고 동면하기 때문에 살이 빠져 가을보다는 맛이 덜하므로 미꾸라지 요리인 추어탕은 늦여름과 가을에 요리해 먹으면 더욱 맛이 있다.  미꾸라지는 질 좋은 단백질이 많고 칼슘과 비타민 A, B, D가 많기 때문에 정력을 돋아 주는 강장 강정식품으로 알려져 있다.  식물성 위주의 식생활을 주로 하는 우리나라 사람들에게 미꾸라지는 고단위 영양제나 다름없다.   추어탕은 지방마다 끓이는 방식이 다소 다르나 호박순을 갈아 넣고 끓이면 비린내를 가시게 하는데 도움이 된다. 또한 추어탕을 먹기 직전에 향신료를 사용하여 비린내를 없애고 맛을 좋게 하는데 이용하는 것이 산초이다. 산초는 건위, 해독작용, 이질, 설사, 기침, 회충구제 등에 쓰이며 매운 맛을 내는 성분이 산시올은 국소 마취 작용이 있어 해독제로도 사용된다.  "
54,생선초밥에는 고추냉이가 필수!,"  날 생선을 즐겨먹는 일본 사람들은 고추냉이가 생선 특유의 비린 냄새를 상쇄시키고 강력한 살균효과가 있어 식중독균을 죽이기 때문에 생선초밥에 즐겨 사용하고 있다. 또한 일본은 여름엔 특히 고온다습한 기후라 음식이 상하기 쉬운데 초밥도 밥이 상하는 걸 막고 오래 보존하기 위해 식초와 설탕 등으로 조미한 밥에 고추냉이를 함께 넣어 요리하였다.   우리가 흔히 부르는 와사비는 고추냉이의 일본말이며 한자명은 산규(山葵), 영어로는 호스래디쉬라고 불린다.  고추냉이는 겨자과에 속하는 다년초로 잎은 심장형이고 지하경은 비대한 원추형인데 고추냉이의 근경에는 전분분해효소 아밀라아제가 함유되어 있으며 이는 초밥의 소화를 돕는 역할을 한다.  고추냉이는 비타민 C의 안정화(비타민C의 산화억제 작용), 베타아밀라제 활성촉진, 식욕 증진, 비타민 B₁합성증강, 향균성 등의 효과가 있어 건강식품으로 각광 받고 있다.    단맛과 향기를 가지고 있어 일본인의 실생활에 필수적인 생선회, 생선초밥, 메밀국수, 생선묵 등의 향신료로 이용되고 있다. 주로 근경과 화경(꽃대)이 생식용으로 이용되며 엽, 엽병, 잔뿌리 등도 가공원료로 쓰인다. "
55,생선회를 먹을 땐 생강을 곁들여요.," 흔히 생선회를 먹은 다음 심하게 토하고 설사를 하는 경우가 많은데 이는 장염 비브리오균이 묻어 있어 식중독을 일으키기 때문이다. 장염 비브리오균은 콜레라균과 비슷하게 생겼으나 오열, 발열 등의 전신증상, 복통, 구토, 설사, 홍반 등의 증세를 나타낸다.  그래서 이런 토사곽란을 막기 위해 예로부터 생선회를 먹을 때 생강 채친 것을 곁들여 먹었다.    생강은 소화액의 분비를 자극하고 위장의 운동을 촉진하는 성분이 있어 식욕을 좋게 할 뿐 아니라, 디아스타제와 단백질 분해효소가 들어 있어 생선회 등의 소화를 돕고 생강의 향미성분은 소화기관에서의 소화흡수를 돕는 효능도 있다.   또한 생강은 식중독을 일으키는 균에 대해 살균, 항균 작용이 뛰어나다. 생강의 맵싸한 성분은 진저롤과 쇼가올이 주성분이며 향기 성분은 여러 가지 정유 성분인데 이 정유들이 매운 성분과 어울려 티푸스균이나 콜레라균 등 세균에 대한 살균력을 나타내는 것이다. 특히 진저롤과 쇼가올은 여러 가지 병원성 균에 대해 강한 살균작용이 있다.  따라서 생선회를 먹을 때 생강 채썬 것을 함께 먹게 되면 생선의 비린내도 어느 정도 제거가 되고 살균작용도 뛰어나므로 세균성 식중독 예방에도 효과가 크다.  "
56,아욱국을 끓일 때는 새우를 꼭 넣으세요.,"아욱은 예로부터 계절이 바뀌거나 기력이 떨어지며 입맛을 잃기 쉬운 계절에 입맛을 돋우는 음식으로 많이 애용되었다. 아욱은 영양면에서 볼 때에도 단백질, 당질, 섬유소, 무기질, 칼슘, 인, 칼륨, 비타민A, B1, B2, C 등이 풍부하게 함유되어 있으며 영양가가 높기로 이름난 시금치보다도 단백질이 2배, 지방이 3배나 더 들어 있고 발육기의 어린이에게 필요한 무기질, 칼슘도 2배나 더 들어 있다.아욱은  그 성질이 차고 미끄러워서 소변과 대변을 잘 나가게 한다. 한방에서는 아욱씨와 뿌리는 이뇨제, 변비치료제 등으로 쓰인다. 일반적으로는 아욱의 연한 줄기와 잎을 주로 먹는데 된장을 풀어 넣고 국을 끓인다거나 장국과 다진고기, 새우 등을 넣고 죽을 끓인다.     강장식품으로 손꼽히는 새우는 종류에 따라 차이는 있지만 주성분이 단백질로 메치오닌과 라이신을 비롯한 8종의 필수 아미노산을 골고루 함유하고 있으며 단맛을 내는 글리신이라는 아미노산과 강장효과가 있는 베타인이 함유되어 있어 콜레스테롤을 감소시키는 작용까지도 한다. 이 외에도 무기질, 비타민 B2, B6, B12 등이 풍부하나 비타민 A와 C는 거의 들어 있지 않아 비타민 A와 C, 섬유질이 풍부한 알칼리성 식품인 아욱을 함께 먹으면 영양면에서 균형 있는 식생활을 할 수 있다.  새우를 넣어 아욱국을 끓일 때는 아욱을 잘 다듬어 치대 풋내를 제거하고 쌀뜨물을 부어 끊이거나 새우로 물을 내어 토장을 넣고 끓이기도 한다. 또한 아욱죽은 소화력이 떨어진 사람이나 회복기에 있는 환자에게 좋은 음식이다."
57,미더덕 향미를 더해주는 콩나물,"미더덕은 전체길이가 5∼10cm 정도이며 외피는 섬유질과 같은 물질로 되어 있고 딱딱하다. 몸 빛깔은 사는 바다의 밑바닥 색에 따라 다른데 황갈색에서 회갈색, 등황색을 띠며 안쪽 면은 흰색을 띤다. 표면이 울퉁불퉁하고 빛깔도 우중충한 편이어서 크게 주목을 끌지 못했으나 그 자체의 맛이 독특해 이제는 국이나 탕류, 찌개류에 널리 사용되고 있다.   한국의 전 연안에서 서식하고 있으며 1년 내내 출하되는데 4~7월이 성수기다. 바닷물을 담아 보관하면 그 맛을 오래 유지할 수 있으며 미더덕 안의 물기를 제거한 뒤 밀폐용기에 담아 냉동시키면 장기간 저장해 사용할 수 있다.   산에서 캐낸 더덕을 닮아 미더덕이라는 이름이 붙여졌는데 크기는 작지만 흔히 멍게로 불리는 우렁쉥이와 비슷한 맛이 난다. 미더덕찜은 미더덕을 콩나물 등 여러가지  채소와 함께 끓여 찹쌀가루를 풀어 되직하게 만들어  향과 채소의 담백함이 어우러진 특미 음식으로 경남 마산 지방의 향토음식으로 널리 알려져 있다.  미더덕이 들어가는 요리에는 콩나물을 많이 사용하는데 콩나물은 비타민C가 풍부한 식품으로 감기에도 효과가 만점이며 피부를 곱게 해주는 작용이 있어 미용식의 효과도 있다. 또한 우레아제, 아미다아제, 인베르타아제, 아밀라아제 등의 효소가 많아 저혈압인 사람에게도 좋은 식품이다.    이와 같이 미더덕 요리에는 많은 양의 콩나물이 활용되는데 이는 비타민C를 보완하며 콩나물의 아삭아삭한 씹히는 맛과 미더덕의 고유의 향미를 강조시키는 역할도 한다."
58,부종에는 잉어와 팥을 달여 마셔요.,"사람 몸의 70% 가량을 차지하고 있는 물은 여러 가지 영양소를 운반하고 배설, 세포 내의 각종 생리작용에 관여해 건강을 좌우하는 가장 큰 요인이 되고 있다. 사람은 하루에 1.5리터의 물을 배설하는데 물을 공급하는 것 못지않게 체내의 수분을 제대로 배설하지 못하면 봄이 붓는 부종 증세가 나타난다.    부종의 원인은 여러 가지가 있으며 비타민 B1의 부족으로 생기는 각기병에서도 나타나는데, 임산부들은 임신 5~6개월 이후가 되면 임신 중독증에 부종이 생기는 경우가 많다. 이러한 각기 부종과 임신 부종에 좋은 식품으로 예부터 전해 내려오는 것이 잉어와 팥을 달여 그 즙을 마시는 것이다.   잉어는 고기 맛이 좋을 뿐 아니라 약효도 뛰어나 예로부터 약재료로도 많이 사용해 왔다. 몸이 붓고 소변을 잘 못 보는데 좋은 잉어는 전국 높은 지대 산골짜기 찬물을 제외한 거의 모든 수역에 분포되어 있다. 세계적으로 아시아 유럽 아프리카 등지의 민물에서 산다. 잉어는 몸이 붓고 소변을 잘 보지 못할 때나 산모가 아이를 낳고 젖이 잘 나오지 않을 때 임산부의 산후조리에 도움을 주는 건강 보조 식품 등으로 많이 사용되며 각기병·황달·기침 등에도 쓰인다.부종을 고치기 위해 잉어에 넣는 팥에는 사포닌이라는 특수한 성분이 들어있는데 이 사포닌이 우러나와 몸에 부담을 덜 주면서 체내에서의 수분을 배출하는데 도움을 준다."
59,굴 요리엔 레몬즙을 뿌려요.," ‘바다의 우유라고 일컬어지는 굴은 예로부터 영양과 맛이 뛰어나고 바다의 신선한 풍미와 담백한 맛 때문에 세계 여러나라에서 애용되고 있는 식품이다. 굴은 육질이 부드럽고 매끄러우며 감칠맛을 지니고 있을 뿐 아니라 비타민과 무기질 등도 풍부한 데다 소화 흡수성도 좋아 발육기의 어린이, 임산부, 노인, 병후 회복기의 환자에게 좋은 식품이다.  이렇게 영양분이 많은 굴은 자가 효소가 많이 들어있어 시간이 지나면 탄력이 떨어져 축 처지게 되고, 세균이 번식할 위험도 높다. 이러한 결점을 보완하는 신비한 힘을 가지고 있는 것이 바로 레몬이다.  레몬은  강한 신맛을 가지고 있는데 굴에 레몬즙을 떨어뜨리면 나쁜 냄새가 가시고 상큼한 맛을 더해 식욕을 돋워 주는 역할을 한다. 또한 식중독 세균의 번식을 억제하고, 살균효과도 뛰어나다.    굴에는 우수한 단백질과 철분이 풍부해 식은땀을 흘리는 허약체질과 빈혈의 예방과 치료에 도움을 주며 피부미용에도 뛰어난 효능을 발휘한다. 레몬의 신맛인 구연산은 철분의 장내 흡수를 도와준다는 사실이 최근 밝혀지고 있다. 따라서 굴을 먹을 때 귤이나 레몬즙을 함께 먹으면 빈혈 치료효과가 더욱 커진다."
60,숙취해소엔 조개탕과 쑥갓이 일품,"숙취해소를 위해 따끈한 조개탕 국물만큼 해장용 음식으로 일품인 것도 없을 것이다. 조개탕의 시원한 국물을 들여 마시면 불편한 속이 편안해지고 술이 잘 깨는 효과가 있다.   조개는 종류에 따라 성분이 조금씩 차이가 있지만 단백질이 가장 많고 해산물인 물고기에 비해 지방 함량이 적은 것이 특징이다. 조개의 단백질 속에는 히스티딘 · 라이신 등의 아미노산이 많고 당질인 글리코겐이 풍부해 간장 질환과 담석증 환자에게 좋은 영양식품이다.   조개국물의 시원한 맛은 질소화합물인 타우린, 베타인, 아미노산, 핵산류와 호박산 등이 어우러진 것인데 아미노산의 하나인 타우린은 간질에 유효하며 고혈압과 뇌일혈 증세 억제효과가 있으며 체내 지방의 분해를 도와줄 뿐 아니라 간장의 해독작용을 향상시키는 힘을 가지고 있다. 또한 조개에는 특수성분으로 유기산의 일종인 호박산이 들어 있는데 이것이 조개탕의 시원한 맛을 주는 중요한 성분의 하나이다.  지구상에 존재하는 어떤 것도 사람이 필요로 하는 모든 영양소를 다 가지고 있는 완전한 식품은 없다. 조개류가 우수한 단백질과 철분을 가지고 있으나 적혈구를 만들 때 도움을 주는 엽록소·비타민 A와 C는 없거나 너무나 빈약하다. 그래서 조개탕을 끓여서 먹기 전에 쑥갓과 같은 채소를 곁들이면 상큼한 맛을 주어 좋을 뿐 아니라 영양의 균형을 찾는 합리적인 식생활이 될 수 있다.  쑥갓은 칼슘이 많고 비타민 A와 C가 풍부한 알칼리성 식품이다. 또한 영양성분은 아니나 엽록소가 풍부해서 적혈구 형성에 도움을 주고 혈중 콜레스테롤 저하 효과가 있어 건강유지에 매우 큰 몫을 담당하고 있다. "
61,멸치요리에는 풋고추를 함께 넣어요.," 멸치는 등이 검푸르며 배는 은백색인 물고기로 우리나라 주요 수산자원의 하나로 산업적 가치가 클 뿐 아니라 식품 영양학적으로도 크나큰 가치가 있다. 멸치는 뼈째 먹는 생선으로 단백질과 칼슘이 풍부하여 성장기의 어린이나 임산부에게는 많이 권장되는 식품이다.   멸치조림은 멸치를 볶아 엿장으로 조미한 찬으로 칼슘의 좋은 급원이 된다. 멸치조림을 할 때 흔히 풋고추를 같이 사용하는데 영양적인 면을 고려할 때  합리적인 선택이라 할 수 있다.  풋고추에는 비타민 A의 모체인 베타카로틴이 많이 들어 있는데 이 성분은 활성산소, 유해산소를 예방해 항암효과도 클 뿐 아니라 몸의 정상발육, 피부점막 등의 상피세포의 분화, 시각작용에 중요한 역할을 한다. 이 베타카로틴의 흡수를 도와주는 것이 담즙과 지방인데  멸치조림을 할 때 참기름을 쓰며 멸치 자체도 지방 성분이 있기 때문에 풋고추가 가지고 있는 베타카로틴의 이용효과를 높이게 된다.  또한 비타민 C가 풋고추에는 감귤의 2배 이상이나 들어있다. 비타민 C는 항산화제로서 몸속에 결합 조직을 구성하는 단백질인 콜라겐 형성에 반드시 필요하며 철이 잘 흡수되도록 돕고 면역 기능 및 상처 회복에 중요한 역할을 한다.  "
62,고등어 요리 소스로는 토마토를 이용하세요.,"등푸른 생선의 하나인 고등어는 내장에 들어있는 효소의 작용으로 부패가 쉽게 이루어지기 쉬워 신선한 고등어를 고르도록 유의해야 하며 조리 시에도 각별한 주의를 해야 한다.  고등어에는 다불포화지방산인 EPA(eicosapentaenoic acid)와 DHA(docosahexaenoic acid)가 들어있어 혈중 콜레스테롤치를 떨어뜨리고 중성 지방을 감소시키는 효과가 있으며 혈액이 응고되는 것을 막아 주기도 하며 각기, 뇌빈혈에 좋은 비타민 B1도 풍부하다.  또한 치매와 악성 빈혈을 예방하는 비타민 B12도 들어있으며 노화방지에도 도움을 주고성적 기능을 높여주는 비타민 E도 풍부하다.  이렇게 풍부한 영양소를 함유하고 있고 육질도 부드러우나 신선도 유지가 힘들고 비린내가 강한 것이 흠이다. 이를 제거하기 위해서는 조리할 때 더욱 신경을 써야 하는데 고등어를 조릴 때 소스로 토마토케첩을 이용하면 좋다.  토마토가 암을 예방하는 리코펜의 함량이 높은 식품이라는 것은 이미 잘 알려져 있으며 외국에서는 토마토를 요리재료로 많이 이용하고 있다. 고기나 생선 등을 요리할 때 토마토를 함께 먹으면 소화를 촉진시켜 위의 부담을 덜어주고 산성화를 막는 효과가 있어 좋다."
63,노화를 방지하는 새우와 달걀,"새우는 콜레스테롤이 많은 대표적인 식품이나 새우에는  아미노산의 일종인 타우린이 풍부해 콜레스테롤의 양의 떨어뜨려주며 간장의 콜레스테롤 대사를 촉진하는 특성도 가지고 있다.  또한 달걀은 소화 이용률이 높아 청소년이나 임산부 등 많은 단백질을 필요로 하는 사람들이 섭취하면 좋은 식품이다. 특히 달걀에는 항암, 항동맥경화, 혈압 강하 작용과 정력 감퇴 예방 효과가 있는 메치오닌이 풍부하게 들어 있다. 따라서 최소한 하루 1개 정도의 달걀을 먹는 것은 바람직하다.  뇌에 아세칠콜린이라는 성분이 부족하면 노화가 촉진되고 치매에 걸리기 쉬워지는데 이 아세칠콜린을 생성하기 위해서는 콜린이라는 비타민이 필요하다. 이 콜린을 많이 가지고 있는 식품도 난황이다.  따라서 노화방지를 위해서는 양질의 단백질이 풍부한 새우와 달걀을 혼합해 먹으면 효과가 있다."
64,부드러운 전복 요리를 위해서는 우유를," 전복(全鰒)은 전복과에 속하는 조개로 예부터 조개류의 황제로 군림했으며 때로는 신비의 대상으로 선망의 제품으로 옛 문헌상에도 자주 등장하며 불로장생을 꿈꾸던 진시황도 전복을 좋아했다고 한다.  전복의 수명은 약12년으로 수온이 10~23℃ 정도에서 주로 서식하며 얕은 바다의 암초나 작은 바위에 붙어서 사는데 주로 부착성 규조류 따위의 해초류를 먹고 산다. 날 것을 먹으면 오돌오돌 씹는 맛을 느낄 수 있으며 감칠맛을 느끼려면 익혀 먹으면 된다. 특히 미식가들이 주로 봄에서 초여름에 먹는 전복회 맛은 살이 단단해서 촉감이 좋을 뿐만 아니라 맛도 일품이다. 전복은 아르기닌(Arginine)이라는 아미노산이 1100mg으로 타 식품에 비해 월등히 풍부하고 특히 전복은 풍부한 단백질에 글루탐산과 로이신, 알지닌 등의 아미노산이 풍부하기 때문에 독특한 단맛을 낼뿐만 아니라 철을 비롯하여 마그네슘과 구리 등의 무기질과 여러 가지 비타민의 함량이 풍부하다.   예부터 고급 수산물로 취급되어 피부미용, 자양강장, 산후조리, 허약체질 등에 탁월한 효능이 있어 식용 뿐 만 아니라 약용으로도 많이 이용된다.  그 밖에 전복을 쪄서 말렸을 때 오징어나 문어처럼 표면에 흰가루가 생기는데 이것이 바로 타우린 성분이다. 이 타우린은 담석을 녹여내고 콜레스테롤의 함량을 저하시킬 뿐만 아니라 심장의 기능을 향상시키고 시력회복과 혈압 강하에도 매우 효과적이다.   전복은 회로 먹거나 전복 다식, 전북 지짐, 전복죽 등으로 요리해 먹는데 전복을 삶을 때 무와 함께 삶아서 식힌 다음 우유에 담가두면 단단한 전복을 부드럽고 맛있게 먹을 수 있으며 전복에 부족한 필수아미노산을 자연스럽게 보충할 수 있다."
65,"바다삼과 육지삼의 만남, 양삼탕"," 인삼은 육지에서 재배되고, 해삼은 바다에서 살지만 두 식품은 서로 조화가 잘된다.  바다의 인삼이라 불리는 해삼은 자르면 3개월 만에 절단 부위가 재생될 만큼 재생력도 뛰어나 수산물 가운데서는 뛰어난 식품으로 애용되고 있다.   해삼은 무기질로 칼슘, 요오드, 알긴산 등이 풍부해 혈액을 정화하고 신진대사를 촉진할 뿐 아니라 병으로 허약해져 소변이 잦거나 변비가 있는 사람에게 좋은 식품이다. 해삼을 초장에 찍어 먹으면 단단해져 씹는 맛이 좋을 뿐 아니라 세계 여러나라에서 고급 요리의 재료로 이용되고 있다.  인삼은 신비한 효험 때문에 예부터 귀한 약재로 쓰였으며 특히 고려 인삼은 세계 제일의 품질을 인정받고 있다.  인삼은 각종 약리 효과를 나타내는 사포닌이 20여종이나 들어 있는데, 스트레스, 피로, 우울증 등에 효험이 있고 피부를 윤택하게 하며 빈혈, 당뇨, 동맥경화에도 유효하며, 항암 효과도 있다.  바다 삼(蔘)과 육지 삼의 재료 두 가지를 혼합해 영양면에서 뛰어난 요리로 양삼탕(兩蔘湯)이 있는데 한방요리에서는 불로소양삼(不老燒兩蔘)이라고 부른다. 이 요리를 만드는데 사용되는 재료는 해삼, 인삼, 닭날개, 전복버섯, 대파, 생강, 레터스, 쑥갓, 당근, 구기자, 육종용 등이다."
66,북어국엔 달걀을 넣어야 영양가 최고,"명태는 우리나라 사람들과 가장 친숙한 생선으로 가장 많이 잡혀 구하기 쉬웠을 뿐 아니라 고기 맛이 담백하고 특유의 시원한 맛 때문에 우리나라의 중요 수산물인 동시에 영양식품으로 잘 알려져 있다.  명태는 건조방식에 따라 겨울에 잡아 얼린 것을 동태, 말린 것을 북어 또는 건태라고 부르며 특히 산란기 중에 잡힌 명태를 동결과 기화를 반복하여 얼린 것을 더덕북어 또는 황태라고 부르는데 살이 연하고 부드러울 뿐 아니라 단백질의 양이 명태의 2배로 늘어나 전체 성분의 60% 정도를 차지할 만큼 고단백식품이 된다.  술을 마신 다음날에는 숙취해소를 위해 시원한 북어국을 끓여 먹는데 여기에는 아스파라긴산과 함께 ‘메티오닌’이라는 아미노산이 풍부하여 간의 피로를 덜어주고 간 기능을 향상시켜 준다. 또한 북어국은 지질이 적고 고단백 식품인데 반해 칼로리가 적어 비만환자나 노인들에게도 좋은 음식이며 피로를 풀어주고 혈압을 조절하는 효능도 있다.  북어국을 끓일 때 북어를 하루정도 찬물에 불려두었다가 쌀뜨물에 끓이면 맛도 좋고 북어살도 부드러워 먹기에 좋다. 또 달걀을 풀어 넣으면 시각적으로도 보기 좋을 뿐 아니라 북어가 가지고 있는 단백질의 영양 효율을 높여주는 역할을 해 주어 일석이조의 효과가 있다."
67,문어 살을 연하게 할 때는 무를 사용하세요.,"문어(文魚)라는 이름은 내뿜는 먹물로 글을 쓸 수 있다는 뜻에서 붙여진 이름으로 문어의 먹물은 그 외에도 적들의 침공을 받았을 때 적의 앞을 흐리게 하고 안전지대로 도망을 하는데 쓰인다.  적을 만났을 때 순식간에 보호색으로 자신을 숨기는 능력을 갖고 있어 ‘바다의 카멜레온’이라 불리는 문어는 한국과 일본, 알래스카, 북아메리카 캘리포니아 등지의 수심 100~1000ｍ에 분포하는 연체동물로 몸길이 3ｍ, 몸무게 30㎏에 이르는 초대형도 있다. 외투막은 짧은 달걀 모양으로 몸 표면에 작은 유두(乳頭)가 많으며 8개의 발에는 흡판이 있고 다리 사이의 막은 넓은 것이 특징이다.  문어는 시력감퇴, 빈혈, 동맥경화, 당뇨병 등에 효과가 좋으며 고기 추출물 속에는 타우린이라는 성분이 들어있다. 문어는 살이 단단해서 소화장애가 많아 속이 차고 소화기능이 약한 사람은 주의해야 한다.   문어를 요리할 때에는 각종 소화효소가 풍부한  무를 사용하면 좋다. 무즙은 문어살을 연하게 만들어 주고 문어 특유의 냄새를 없애주는데도 효과가 있다."
68,피로와 낮잠이 밀려오는 봄에는 홍어회냉면을 드세요.," 함경도 지방의 대표적인 음식인 함흥냉면은 생선회를 맵게 비벼 먹는 방법이 다른 지방과 다른데 함경도 지방에서는 생선으로 가자미를 썼으나 남쪽 지방에서는 홍어를 대신 사용하였다.  홍어는 가오리과에 속하는 물고기로 가오리과는 상어가 바다 밑바닥에서 살 때 환경 조건에 따라 변형된 물고기라서 성분, 조직, 맛이 비슷하다. 홍어는 상어보다는 단백질이 적고(14%), 지방은(0.5%) 훨씬 더 적다. 홍어, 가오리, 상어는 모두 연골 뼈로 되어 있으며 질소 화합물인 요소, 암모니아, 트리메틸아민 등을 대량 함유 하고 있다. 홍어의 먹이는 꽃게나 돔, 광어, 우럭, 멸치, 조기 등이어서 고단백질 알칼리성 영양식품의 보고라고 할 수 있다.  홍어는 관절염, 류마티스, 기관지에 효과가 좋으며 특히 감기에 특효가 있다고 하며 홍어탕은 장의 노폐물을 제거해주므로 위염을 억제하고 숙취해소에 효과가 좋으며 끈적끈적한 점액은 스테미너 식품으로 효능이 좋다고 알려져 있다.  또한 삭힌 홍어는 강알칼리성 식품으로서 산성체질을 알칼리성 체질로 바꿔주어 골다공증예방 및 산후조리에도 좋으며 병후회복과 기미, 주근깨, 검버섯은 물론 피부미용에도 좋은 식품으로 알려져 있다.  주성분이 전분인 국수사리에 이렇게 영양가가 풍부한 고단백질 식품인 홍어회 무침을 배합해 먹는 것은 영양 면에서나 맛의 조화를 생각할 때 서로 잘 맞는 식품이라고 할 수 있다."
69,생선 요리에는 식초를,"어류에는 독특한 취기와 맛을 지니고 있다. 이러한 취기에 익숙한 경우에는 어류를 좋아하나 그렇지 않은 사람도 많이 있다. 어류는 보통 지방함량이 낮은 힌살생선과 지방함량이 5~10%로 높고 어육의 색이 갈색, 분홍, 회색인 붉은 살 생선으로 구분된다.    힌살생선은 해저 가까이서 살고 있으며 운동도 별로 하지 않는데 비해 붉은살 생선은 바다표면에 가까운 곳에서 살며 활동이 심해 운동량이 많기 때문에  근육이 단단하고 지방함량이 높은 뿐 아니라 비린내가 많고 쉽게 부패한다는 특징이 있다.  고등어, 전갱이, 꽁치 등과 같은 등과 같은  생선은 구입 즉시 조리하는 것이 바람직하며 조리할 때에는 식초를 활용하면 이러한 결점을 보완할 수 있다. 식초에 들어있는 유기산이 단단한 육질을 부드럽게 해줄 뿐 아니라 비린내 제거효과와 살균 작용이 뛰어나 선도 유지가 약한  생선을 먹을 때 발생하는 식중독을 미연에 예방할 수 있다. 서구음식에서 생선에는 반드시 탈탈소스(tartar sauce)나 레몬즙을 곁들이는 것은 그러한 이유 때문이다.  또 조림을 할 경우 식초를 넣으면 뼈까지 연해서 생선 전체를 쉽게 먹을 수 있게 도와주며 식초와 물을 같은 비율로 따서 생선을 씻게 되면 조리 시에 생선의 모양이 흐트러지지 않고 그대로 유지되는 효과가 있을 뿐 아니라 생선을 구울 때 생선 표면에 식초를 발라두면 껍질이 팬에 달라붙지 않고 잘 구워진다. "
70,과메기와 쑥국으로 옛 맛을 찾아봐요," 포항의 구룡포 등지에서 뼈를 바른 꽁치를 해풍에 말린 것을 과메기라 하여 축제를 펼치는데 본래 청어를 말린 것을 과메기 또는 과며기 등으로 부른다. 요즈음에는 청어를 구하기가 힘들어지자 꽁치에 소금 간을 해 말리고 먹는 방법까지도 변형시켜 상품화한 경우라고 할 수 있다.  서양에는 햄이나 소시지 등 훈연식품이 많은데 우리나라에는 과메기가 대표적인 훈연식품이라고 할 수 있다. 경상도 지방에서는 청어를 말리는 방법이 특이해 고유한 맛이 나는데 이런 과메기를 그대로 구워 먹어도 맛좋고 여기에 쑥을 넣고 끓이게 되면 나른해지기 쉬운 봄에 잃었던 입맛을 쉽게 찾을 수 있다.  청어에는 양질의 단백질이 풍부하며 불포화지방산인 EPA와 DHA를 함유하고 있어 콜레스테롤 수치를 감소시켜 성인병 치료에 효과가 있을 뿐 아니라 뇌 기능을 활성화시켜 치매를 예방해 준다.  또한 쑥은 무기질과 비타민 A와 C를 많이 함유하고 있어 세균 침입을 막아주는 효능이 뛰어날 뿐 아니라 쑥잎은 한방에서는 애엽이라 하여 지혈작용과 진통효과가 뛰어나 복통, 토사, 출혈의 치료에 사용한다.  지금은 사라져가는 음식이 되었지만 봄철에 겨울을 이기고 돋아나는 여릿여릿한 쑥잎에 과메기를 넣고 끓이면 쑥의 독특한 향과 청어의 맛이 잘 어우러져 맛있는 애탕이 될 것이다.  "
71,가자미식해의 소화를 돕는 무,"가자미식해는 가자미를 절여 좁쌀밥이나 강냉이쌀밥, 무, 엿기름가루 등으로 버무려 삭힌 음식으로 함경도와 경상도에서 많이 해먹는데 반찬이나 술안주에 좋은 고단백질의 발효식품이다. 대체적으로 남쪽지방은 기온이 높아 음식이 상하기 쉬우므로 잔생선류로 젓갈을 만들거나 간을 짜게 해서 이용하는 반면 북쪽지방은 날씨가 춥고 온도가 낮은 관계로 비교적 간을 약하게 하고 큼직한 생선류를 많이 사용한다. 도루묵이나 명태 등도 식해의 재료로 많이 이용하며 일반젓갈은 짠맛이 강하나 식해는 염분함량이 적은 편이다.     가자미식해를 만들 때는 가자미보다 무를  많이 넣는데 무는 비타민 C와 수분을 많이 함유하고 있을 뿐 아니라 소화를 돕는 효소가 많다. 무속에 들어있는 아밀라아제, 산화효소, 요소 분해효소, 카탈라아제 등 생리적으로 중요한 효소들이 많이 있는데 이 성분들은 열에 약한 것이 특징이나 가자미식해를 만들 때는 가열을 하지 않으므로 효소가 파괴되지 않는다.   이러한 효소의 작용과 발효과정에서 단백질이 분해되어 저분자의 펩타이드와 아미노산 및 젖산 등이 생성되어 독특한 맛과 소화성이 좋은 음식으로 변화된다."
72,돼지고기의 소화를 돕는 새우젓," 돼지고기는 부위에 따라 다소 성분은 다르나 보통 단백질 12~17%, 지방22~44%를 함유하고 있으며 조직이 연해 숙성시킬 필요가 없는 영양가 높은 육류이다.  다른 고기에 비해 지방 함량이 많아 성인병과 체증증가를 염려해 돼지고기를 꺼리는 경우가 많긴 한데 필수지방산인 리놀산은 뇌신경을 구성하는 주요 지질성분이며 게다가 비타민 E· B1 · B2 등은 쇠고기보다 훨씬 많이 들어있다.  그러나 담백한 음식을 주로 먹는 사람들은 기름진 돼지고기를 먹으면 소화가 되지 않는 경우가 있는데 이럴 경우엔 새우젓을 함께 곁들이면 고기의 맛도 좋아질 뿐 아니라 소화력이 증진되므로 새우젓과 돼지고기는 서로 잘 맞는 합리적인 음식배합이라고 할 수 있다.  돼지고기에 들어있는 단백질은 분해효소인 프로테아제에 의해 펩타이드를 거쳐 아미노산으로 바뀌게 되는데 새우젓이 발효되는 동안에 많은 양의 프로테아제가 생성되어 단백질의 분해를 촉진시켜 소화를 돕는다.  또한 새우젓에는 지방을 분해하는 효소인 리파아제가 함유되어 있어 돼지고기에 들어있는 지방을 지방산과 글리세린으로 바꿔주는 역할을 하여 우리 몸에 쉽게 흡수가 되는 것이다."
73,쇠고기와 두릅을 이용해 산적을 만들어요.,"쇠고기는 단백질의 함량이 높고 필수아미노산이 골고루 들어 있어 영양가가 높은 반면 비타민, 미네랄 등이 함량이 부족하며 쇠고기 중의 지방은 고급 포화 지방산이 많아 그 소화흡수가 좋지 못하다.   따라서 쇠고기를 먹을 때는 채소와 곁들여 먹음으로써 지방의 소화 흡수도 돕고, 부족한 비타민과 미네랄 등을 섭취할 수 있다. 특히 향긋하면서도 쓴맛이 강한 봄나물들은 대개 식욕을 돋워주고 기분을 상쾌하게 하며 마음을 진정시키는 작용을 한다.   그중에 두릅은 고유의 향미가 짙고, 칼슘 마그네슘 등의 미네랄과 비타민 A·B·C가 풍부해 쇠고기와 두릅을 함께 먹으면 맛 뿐 아니라 영양면에서도 우수하다.  두릅은 각종 성인병을 예방해 주는데 특히 혈당을 내리고 혈중지질을 낮추어 주므로 당뇨병, 신장병, 위장병에 탁월한 효과가 있다.  쇠고기와 두릅을 함께 먹는 가장 대표적인 방법은 쇠고기 두릅 산적을 만들어 먹는 것이다. 이는 동물성 식품과 식물성 식품을 잘 조화시킨 경우로 맛과 영양면에서 서로 잘 맞는 음식이라고 할 수 있다."
74,불고기는 들깻잎에 싸서 드세요.," 불고기를 먹을 때는 참기름을 바르고 들깻잎이나 상추 등 야채에 싸먹는 것이 일반화되어 있다. 이는 맛에서 뿐 만 아니라 영양면에서 생각할 때도 합리적인 식생활이라고 할 수 있다.  불고기의 재료인 쇠고기는 부위에 따라 다소 성분의 차이가 있지만 성장 발육에 필요한 모든 필수아미노산이 골고루 들어 있으며 특이 어린이의 발육에 가장 필수적인 라이신이라는 필수 아미노산은 8.4%나 들어있다.  전체의 10~30%정도 들어 있는 쇠고기의 지방은 고급포화지방산이 많은데 쇠고기를 먹을 때 참기름을 묻혀서 먹으면 필수지방산을 충분히 섭취할 수 있고 콜레스테롤이 혈관에 축척되는 것을 예방할 수 있어서 좋다.  들깻잎은 철분이 시금치의 2배 이상이나 들어있고 특히 칼슘, 비타민A 와 C가 풍부할 뿐 아니라 녹색을 띄는 엽록소를 많이 함유하고 있다.  영양면에서 보더라도 들깻잎은 쇠고기에 부족한 성분을 많이 함유하고 있으며 양질의 섬유소를 많이 함유하고 있어 쇠고기를 많이 섭취했을 때 생기는 변비를 예방하는 효과가 있으므로 불고기를 먹을 때는 들깻잎에 싸먹는 것이 좋다."
75,설렁탕의 누린내를 제거해주는 깍두기,"설렁탕은 설농탕, 선농탕 등으로 불리기도 하는데 &#65378;조선요리&#65379;(1940) 에 “설렁탕은 우육의 잡육, 내장 등 소의 모든 부분을 뼈가 붙어 있는 그대로 하루쯤 곤다. 경성지방의 일품요리로 값싸고 자양이 있는 것이다.”라고 하였다. 설렁탕이 곰탕과 다른 점은 뼈가 붙은 고기를 많이 넣어 오래 곤 국으로 국물의 색이 희고, 국물에 간을 하지 않고 각자가 기호에 따라 간을 하고 조미품을 넣어 먹는 점이다.    설렁탕은 오래 끓여 각종 영양성분이 국물 속에 많이 함유되어 있으며 특히 필수 아미노산을 골고루 가지고 있는 영양가 높은 음식으로 소화도 잘되고 먹기도 편하다.  설렁탕에는 보통  깍두기가 함께 곁들여지는데 깍두기는 설렁탕의 누린내를 제거해줄 뿐 아니라 무의 아삭아삭 씹히는 느낌이 입맛을 돋워주며 소화를 돕는 역할을 한다.  무는 소화와 해독에 효과가 뛰어나고 특히 해독 효과 때문에 술, 생선회, 밀가루 음식과 궁합이 잘 맞는 식품이다. 또 디아스타제 같은 전분 소화효소는 물론 단백질 분해효소도 가지고 있어서 소화 작용을 돕는데 고기나 생선회를 먹을 때 무와 같이 먹거나 무즙을 내서 여기에 찍어 먹는 이유도 이 때문이다.   또한 무는 노폐물을 제거해주고 독을 풀어주는 효과가 있으며 이뇨작용이 있어서 혈압을 조절해주며 담석을 용해하는 효능이 있어 담석증을 예방하는데도 효과가 있다."
76,들깨가루로 보신탕의 누린내를 제거,"  개고기를 삶아 된장을 푼 국물을 붓고 마늘, 생강, 파, 고춧가루, 들깨가루 등을 넣어 양념하여 푹 끓인 것을 개장 또는 지양탕, 보신탕이라고 부른다.  보신탕이란 이름에 대해서 생각해 본다면 보는 부족한 것을 채운다는 뜻이며 신은 콩팥(신장)을 뜻하는 것으로 삼복더위의 화기를 이기기 위해 혈액순환을 돕고 양기를 높이는 식품으로 예부터 즐겨 먹어온 것이다. 특히 우리나라는 채식 위주의 식사로 단백질이 부족하기 쉬운데 보신탕은 이런 우리의 식생활에 영양 보충식으로 애용되어 왔다.  다른 육류에 비해 고단백질, 고지방 식품이며 소화 흡수가 빠르고 아미노산 조직이 사람과 가장 비슷해 단백질 흡수율이 높아 병후의 조리, 상처치료 등에 효과가 있는 식품이다. 개고기는 소화력이 뛰어난 아미노산 성분과 비타민A 와 B, 지방질이 풍부하여 보양음식으로 제일이며 육질이 연해서 먹기가 편하다.   보신탕을 먹을 때 들깨가루를 넣으면 개고기의 누린내를 제거해 주는 효과가 있으며 개고기 중의 콜레스테롤 피해를 덜어주는 효과가 있다. 들깨가루는 오래두면 과산화지질이 잘 만들어지므로 신선도를 유지한 들깨가루를 넣도록 한다."
77,닭고기에 인삼을 넣어 더위를 이겨보세요.,"삼복더위에는 쉽게 치지고 식욕이 떨어질 뿐 아니라 만성피로감을 느끼는 경우가 많은데 이럴 경우 대표적 보양식품의 하나로 삼계탕을 즐겨 먹어왔다. 더위로 인해 스트레스를 받으면 몸 안의 단백질과 비타민 C의 소모가 많아지는데 여름 별식인 삼계탕은 영양의 균형을 이루고 있어 좋은 스테미나식이 된다.  삼계탕은 닭고기(알을 낳기 전의 어린 닭)가 주재료인데 여기에 인삼, 찹쌀, 밤, 대추, 마늘을 넣어 끓인 것으로 닭고기는 쇠고기보다 맛이 담백하고 연해 소화 흡수가 잘 되는 것이 특징이다.  또 닭고기는 메치오닌과 라이신 등 필수 아미노산을 많이 함유하고 있으며 소화되기 쉬운 지방질이 많아 임산부나 청소년들에게 더없는 영양식이다.  삼계탕에 넣는 인삼은 약효가 뛰어난 사포닌 등이 들어있어 예부터 건강식품과 약용으로 많이 쓰였는데 동맥경화증, 당뇨병, 고혈압, 빈혈증, 심부전, 우울증 등에 약효가 있다. 또한 피부를 윤택하게 하고 암세포의 증식을 막는 항암효과도 뛰어나다."
78,옻독을 중화시키는 닭고기,"예로부터  몸이 차고 아랫배가 냉할 때, 양기가 약한 사람의 보약으로 닭과 옻을 넣고 죽을 끓여 먹는다. 옻의 성분인 ‘플라보노이드’와 ‘우루시올’은 암세포 전이를 억제하는 항암효과가 뛰어나며 한방에서는 옻나무 잔액을 채취해 자연건조된 것을 건칠이라 부르는데 이는 숙취해소, 간 기능을 강화, 혈액순환 촉진 등 다양한 약리 효과가 있는 것으로 밝혀졌다.   또한 황도연의 ‘방약하편’이나 허준의 ‘동의보감’을 보면 옻이 따뜻한 성질과 신맛을 지니고 있어 어혈과 적취를 풀어주고 장을 잘 통하게 하여 기생충을 죽이며 피로를 다스려주는 효능이 있으나 독을 지니고 있다고 나와 있다.  이렇게 효능이 뛰어난 옻이지만 알러지를 일으키는 독성이 있으므로 사람에 따라 옻을 타는 경우가 있는데 옻의 독성을 중화시키면서 먹는 것이 중요하다. 옻의 중화능력이 있는 닭과 함께 삶아 옻닭을 만들면 비교적 간단하고 안전하게 옻을 섭취할 수 있는데 옻의 독으로 인한 위장의 손실을 막아주고 옻의 효능을 높일 수 있다. 또 옻닭에 넣는 찹쌀은 제독 작용을 해 옻독의 영향을 크게 줄여준다.  또한 옻닭은 강장강정 효과가 뛰어난데 닭의 내장을 제거하고 뱃속에 옻나무 껍질을 넣어 삼계탕을 끓었듯이 푹 끓여먹으면 훌륭한 건강식이 된다. "
79,선짓국의 결점을 보완해주는 콩나물,"예부터 얼굴색을 보고 건강을 점쳤는데 이는 혈액의 색깔이 얼굴에 반영되기 때문일 것이다. 빈혈에 걸린 사람들은 얼굴색이 좋지 않으며 매사 피로감을 느끼기 쉬우므로 충분한 철분을 섭취해 주어 빈혈을 예방해야 한다.  빈혈이 있는 경우 철분흡수를 방해하는 콜라, 감, 차 등을 피하는 것이 좋으며 철분 흡수를 위해서는 동물의 간, 심장, 콩팥, 살코기, 콩, 달걀, 미역, 김, 조개 등에 많은데 그 중 특히 으뜸인 것이 선짓국이다.  선짓국은 철분이 많을 뿐 아니라 고단백 식품으로 좋으나 비타민 C가 없어 다량 섭취할 경우 변비증에 걸리기 쉬운 결점이 있으므로 선짓국을 끓일 때는 콩나물이나 무, 우거지와 같은 채소를 넣어 끓이는 것이 바람직하다.  특히 콩나물은 콩이 자라기 위해 호흡을 하는 과정에서 단백질과 지방은 감소하고 비타민A와 C, 수분, 섬유소가 증가하여 선짓국의 결점을 보완해주는 역할을 하여 두 식품은 서로 조화가 잘 된다고 할 수 있다. 또한 콩나물의 뿌리부분에는 아미노산의 일종인 아스파라긴산이 들어있어 숙취해소 효과가 뛰어나 해장국으로도 좋다."
80,육류의 누린내 제거효과가 뛰어난 겨자,"육류는 양질의 단백질을 제공해주는 식품이지만 고기 특유의 누린내가 있어 제대로 조리하지 않으면  맛의 저하를 가져온다. 고기의 누린내를 제거하기 위하여 여러 가지 향신료를 사용하는데  후추와 함께 겨자가 많이 이용된다. 겨자의 씨를 가루로 만들어 물에 풀어 만든 향신료로 맵고 향기로워 입맛을 자극시키는 역할을 하므로 육류조리 외에도 냉면요리나 막국수 등에도 사용된다. 겨자분말에 물을 넣고 교반하면 자극성물질이 형성된다. 이는 분말속에 함유되어 있는 시니그린(sinigrin)이 효소 미로시나제(myrosinase)의 작용으로 생긴 알릴 이소시아네이트(allyl isothiocyanate)이다. 이 물질의 자극성은 미뢰를 둔하게 하여 누린내를 약화시킨다. 겨자는 탄수화물과 단백질, 비타민 A와 C가 풍부하며 카로틴, 칼슘, 철을 골고루 함유하고 있으며 몸 안의 어독을 풀어주는 효과가 있을 뿐 아니라 성질이 따뜻하여 몸이 찬 사람에게는 더할 나위 없이 좋은 식품이기도 하다. 한방에서는 폐의 기능을 높여주고 가래를 삭여주는 효능과 살균 소독에 효과가 있어 염증을 치료해주는 것으로 쓰인다."
81,육회는 배와 함께 드세요.,"회는 생선이나 해산물, 육류 등을 날것으로 먹는 음식이다. 중국은 육류나 생선회를 먹지 않지만 일본은 세계적으로 생선회가 유명하다. 우리나라는 육류회나 생선회 모두 즐겨 먹는다. 육회는 신선한 날고기의 맛을 즐기는 음식으로 술안주에 적합하다. 쇠고기의 연하고 기름기가 없는 부위인 우둔살이나 홍두께살로 만든다.   얇게 저며서 가늘게 채 썰어 놓은 쇠고기를 간장,  파, 마늘 다진 것과 설탕, 후춧가루를 섞어 만든 양념장에 고루 무쳐서  채 썬 배와 함께 낸다.  육회를 할 때 배를 쓰는 이유는 배에 육류를 분해하는 효소가 들어 있어 고기의 소화를 돕기 때문이다. 또 배의 오돌톨한 표면에는 변비를 예방하는 석세포가 들어있어 장운동을 촉진하는 역할을 한다.  비타민의 함량은 사과보다 적어 비타민을 섭취하고자 할 때에는 적당하지 않으나, 위궤양, 변비, 이뇨작용 촉진에 효능이 뛰어나다. 또한 기침과 가래가 심할 때에 먹으면 좋고 목이나 폐의 염증을 완화시키는 효과도 있다.  배의 단맛은 대부분이 과당이며 사과산 구연산 주석산등의 유기산이 적어 신맛이 없으며, 체내 알코올을 조기 분해 시켜 주독을 풀어주고 갈증을 해소하는 과일이다. 그러나 배는 몸을 차게 하는 과일이므로 설사나 냉증이 있는 사람은 먹지 않는 것이 좋다."
82,지고기에 비지를 넣어 담백한 맛을 즐기세요.,"돼지고기는 우수한 단백질과 지방을 많이 함유하고 있으나 많이 섭취할 경우 각종 성인병을 유발하는 콜레스테롤수치가 높아지는 것을 염려해 섭취하는 것을 꺼리는 경우가 종종 있다.  이러한 문제를 해결할 수 있는 적절한 식품의 배합으로 콩을 들 수 있다.   콩을 불려 갈아 콩비지를 돼지고기와 함께 조리를 하게 되면  콩 속 지방성분 중 리놀렌산등이 혈관을 확장시켜 우리 몸에 이로운 콜레스테롤은 증가시키고 해로운 것은 몸 밖으로 배출시키는 역할을 해준다. 따라서 동물성지방의 과잉섭취에서 오는 결점을 보완해 주며 아울러 콩 속의 섬유질은 변비를 예방해 준다.  또한 콩은 ‘밭에서 나는 쇠고기’라고 불릴 정도로 단백질과 지방이 풍부하다. 특히 콩에는 비타민 B군이 많이 함유되어 있으며 비타민 A와 D, E도 들어 있다.   콩은  라이신, 아르지닌, 글루탐산이 풍부하며 뇌의 노화를 방지하고 뇌세포에 활력을 불어넣는 레시틴이라는 성분도 들어있다. 콩은 날 것으로 먹으면 소화가 잘 안되고 가공하여 된장이나 두부로 만들어 먹을 경우 영양소의 흡수율이 높아지는 특징이 있다.  예로부터 조상들은 콩을 원료로 하여 된장, 간장, 두부 등 여러 가지 전통식품을 만들어 먹음으로써 채식 위주의 식생활에서 결핍되기 위한 영양분들을 보충해 왔다."
83,서로 보완작용을 하는 메밀과 돼지고기,"메밀과 돼지고기는 맛과 영양면에서 보완작용을 하므로 서로 조화가 잘 되는 식품이다.  이를 잘 활용한 향토음식이 제주도 지방의 메밀총떡과 빙떡이다.   메밀총떡은 메밀가루와 돼지고기 그리고 통배추 김치를 잘 배합해 만든 음식이며 빙떡은 무채를 삶아서 참기름, 소금, 깨소금 등으로 양념해 소를 만들어 넣은 것을 말한다.  인체에 꼭 필요한 영양소인 필수아미노산은 인체가 합성할 수 없기 때문에 매일 음식을 통해 섭취해 줘야 하는데 필수아미노산중 라이신은 메밀보다 돼지고기에 더 많이 들어 있으며 페닐알라닌, 드레오닌, 트립토판, 발린 등은 메밀에 더 많아 이 두 가지 식품을 배합해 요리하면 아미노산 상승효과가 발휘되어 영양효율이 크게 향상된다.  무더운 여름철에 더위를 식히기 위해 메밀로 만든 국수나 냉면을 즐겨먹는데 메밀은 콜레스테롤 수치를 떨어뜨려는 효과가 있어 각종 성인병 치료에 도움이 될 뿐 아니라 몸에 열이 많아 머리에 부스럼이 계속 생기거나 피부에 종기가 생기는 경우에도 효과가 있다.  그러나 찬 음식을 먹으면 배가 아프거나 소화기능이 떨어져 설사를 자주하는 사람은 되도록 메밀의 섭취를 피하는 것이 좋다."
84,돼지고기는 표고버섯과 함께,"돼지고기는 단백질함량이 20.9%로 많으며 비타민 B1의 함량은 쇠고기에 비해 8배정도로 많다. 돼지기름을 구성하는 지방산은 쇠기름에 비해 스테아르산이 적고 올레산, 리놀레산 등 불포화지방산이 많이 포함되어 녹는 점이 낮으며 혀에 닿는 촉감이 좋다. 영양적인 우수성이 많지만 돼지고기 특유의 누린내가 나고 콜레스테롤함량이 높은 단점도 있다.   돼지고기를 요리할 때에는 누린내를 제거할 수 있는 다양한 향신료들이 많이 사용하는데 그 중 대표적인 것이 생강, 마늘, 고추 등이라고 할 수 있다. 중국요리에서는  돼지고기 요리에 표고버섯을 함께 사용하는 경우가 많다. 말린 표고버섯에는  섬유질이 많아  콜레스테롤 제거에 효과적이어 동맥경화, 심장병 등 각종 성인병을 예방할 수 있다. 뿐 만 아니라  표고버섯에는 혈압을 떨어뜨리는 에리타데닌이라는 성분이 들어있으며 항종양성 &#8228; 항암효과가 있는 것으로 알려졌다. 또 인플루엔자 바이러스에 활성화를 억제하는 성분과 구루병을 예방하는 에르고스테롤 성분도 함유하고 있다. 말린 표고버섯의 독특한 향은  렌티오닌(renthionine)에 의하며 핵산, 글루탐산 등 맛을 내는 성분이 풍부하게 함유되어 있어다."
85,기름진 중국요리는 차와 함께,"중국음식은 재료의 다양성과 지역적인 차이가 큰 특징이 있지만  대개 볶고 튀기거나 데쳐 만든 음식이 많다. 찜에도 식용유를 넣고, 무침에도 기름을 사용하는 등 하나같이 식용유를 많이 사용하는 조리법이다. 뿐만 아니라 전분소스의 이용도 많아 열량이 높다. 볶음밥, 자장면, 짬뽕과 같은 일품식에 탕수육이나 깐풍기 등 다른 요리를 곁들이면  그야말로 고열량식이 된다.          기름진 음식을 즐기는 중국인들이지만 이들에게 비만과 심장병 등 혈관질환은 상대적으로 적게 나타난다.  프랑스인의 혈관을 포도주가 지켜주듯이 중국인들이 즐겨 마시는 차가 혈관의 때인 콜레스테롤을 없애준다고 주장하는 학자도 있다. 중국인은 식탁에서 차를 음료수처럼 마신다. 발효시키지 않은 녹차&#65381;자스민차&#65381;전차&#65381;철관음차, 후발효차인 보이차 등 종류도 다양하다. 이 차들은 대부분 지방의 흡수를 억제하고 혈중 콜레스테롤 수치를 낮추는데 기여하는 것으로 알려져 있어 동맥경화, 심장병 예방에 효과적인 식품이라 할 수 있겠다.  "
86,고기 요리엔 적포도주를 한 잔씩,"백포도주는 생선 요리에 적포도주는 고기 요리에 어울린다는 것은 대부분 사람들이 잘 알고 있는 내용이다. 적포도주를 즐겨 마시는 프랑스 보르도 지방 사람들이 순환기계 질환이 적다는 것이 화제가 된 걸로 보아 적포도주의 효능에 대해서는 두말할 나위가 없을 것이다.  포도주는 포도 쥬스보다 살균효과가 뛰어나다. 알코올 발생과정에서 폴리페놀이라는 물질이 생성되는데 주로 포도의 껍질과 씨에서 많이 발생하므로 적포도주가 백포도주보다 살균 효과가 더 크다. 이 물질은 우리 몸에서 각종 세포를 파괴하고 노화를 촉진하는 활성산소의 작용을 억제해줄 뿐 아니라 항암작용이 있는 것으로 밝혀졌다.    식사와 함께 마시는 한잔의 적포도주는 뇌혈관의 노폐물을 제거, 뇌혈관을 튼튼하게 해 주어 동맥경화나 고혈압, 뇌혈관 질환을 예방해 줄 수 있는 훌륭한 건강보조식품이라고 할 수 있다.  기름기가 많은 고기요리를 먹으면서 적포도주를 한 두 잔 마시게 되면 고기를 먹을 때 느낄 수 있는 느끼함을 덜어주고, 소화를 촉진시켜주나 지나치게 많이 마시는 것은 바람직하지 못하다."
87,소주를 부드럽게 마시려면 오이를 채 썰어 넣으세요.,"소주란 곡류를 발효시켜 증류하거나 알코올을 물로 희석하여 만든 술을 말하는데 양조주를 증류하여 이슬처럼 받아내는 술로 한 번 내린 술을 소주 또는 노주, 홍로라 불렀고 두 번 내린 술을 환소주 또는 감홍로라 불렀다.  우리나라 사람들이 가장 즐겨 마시는 것이 소주인데 우리나라에 소주가 전래된 것은 페르시아에서 발달한 증류법이 고려시대에 원나라와 만주를 거쳐 우리나라에 들어왔다고 전해진다.   막걸리 같은 양조주는 알코올 도수가 낮아서 오래 두면 식초가 되거나 변질이 되어 부패하게 되는 결점이 있는데 이를 보완하기 위해 고안된 것이 증류주인 소주이다.   소주에는 증류식과 희석식이 있는데 증류식은 예전에 많이 사용되었으나 1960년대에 이르러 원료 대체 조치로 인해 희석식이 갑자기 발달하면서 지금은 거의 찾아볼 수 없다. 희석식은 연속식 증류기라는 정교한 기계로 증류한 것을 말하며 생성과정에서 불순물을 거의 다 제거하고 얻은 순수 알코올(95%)을 물을 이용하여 20∼35 %로 희석한 것을 말한다.  그러나 소주는 자극성이 강하고 맛이 독하므로 수분 함량이 높은 오이를 가늘게 채 썰어 소주 안에 넣으면 맛이 순해진다. 오이는 다른 영양 성분은 부족하나 칼륨의 함량이 높아 술을 마실 때 쉽게 배설되는 칼륨을 공급해줄 수 있으며 오이가 갖는 독특한 향 때문에 소주의 독한 향을 순하게 만들어 준다."
88,막걸리와 홍어가 만났을 때,"홍어는 예부터 임금님의 진상품에만 올려놓을 만큼 귀한 음식이며 특히 흑산도 홍어는 예나 지금이나 최고로 친다. 요즘은 국산은 물량이 달려 칠레, 중국, 미국 등지에서 수입한 것 들이 대부분이다.  홍어는 상어가 바다 밑바닥에 살 때 환경여건에 의해 변형된 가오리과에 속하는 물고기로 상어와 영양 성분이나 맛이 비슷한 특징이 있다. 특히 연골어류도 다른 어류보다 요소, 암모니아, 트리메틸아민 등을 많이 함유하고 있으며 관절염과 골다공증 예방에 효과가 있고 지방 함유량도 적어 다이어트 식품으로도 추천할만하다.  다른 생선과 달리 홍어는 알싸하게 코를 쏠 정도로 푹 삭혀서 먹어야 제 맛이 난다고 하여 예부터 짚이나 항아리에 넣고 삭혀서 먹었다. 홍어는 삭힐 때 나는 암모니아 냄새와 씹을 때 코를 찌르는 강한 맛 때문에 처음 먹는 사람은 역겨워하나 먹다보면 중독이 되어 먹어도 먹어도 물리지 않는 별미음식이 된다.  전라남도 지방에서는 홍탁이라 하여 삭힌 홍어찜과 막걸리를 함께 먹는다.  막걸리에 자극성분을 완충시키는 단백질과 홍어의 암모니아를 중화시키는 유기산이 함유되어 있어 서로 잘 어울리기 때문이다. "
89,장어와 복분자주는 대표적인 스테미너식,"요강을 뒤엎을 정도로 소변 힘이 세어진다는 유래와 이름을 가진 복분자주(覆盆子)는 산딸기의 일종인 고무딸기를 이용해 술을 빚은 것으로 스테미너식의 대표 격인 장어와 궁합이 잘 맞는다는 것은 너무나 잘 알려진 사실이다. 장어와 복분자주는 모두 따로 먹어도 부족함이 없지만 함께 먹으면 비타민 A의 작용이 더욱 활발해져 생식작용에 탁월한 효과가 있어 더욱 좋다.  장어는 지방21%, 단백질16%나 들어있고 비타민 A와 E가 풍부해 성장과 시력 증진, 체내 불포화 지방산의 산화 작용 억제, 세포를 젊게 해주어 피부노화 방지, 성인병 예방에 효과가 있다.  또한 복분자주는 피로회복과 양기를 일으키며 신장의 기능을 도와 정력을 좋게 할 뿐 아니라 조혈작용과 성인병 예방 효과도 뛰어나다.  장어는 따로 먹을 경우 다소 느끼한 맛이 있는데 복분자주와 함께 먹을 경우 새콤하고 씁쓸한 맛 때문에 느끼함이 줄어들어 먹기에 더욱 좋다."
90,맥주 안주로는 소시지를,"맥주의 어원은 마신다라는 의미의 라틴어 비베레(Bibere)에서 유래한 것으로 보리를 싹틔워 만든 맥아와 홉으로 다린 즙을 맥주효모균으로 발효시켜 만든 양조주로서 알코올 성분은 2~6% 정도로 적은편이나 이산화탄소와 홉의 쓴맛 성분을 함유하고 있어 소화를 촉진하고 이뇨작용을 돕는 효능이 있다.  맥주는 7천년의 역사를 가지고 있으며 미생물에 대한 저항력이 강해 와인과 함께 가장 안전한 음료로 여겨져 왔는데 고대 이집트인들은 맥주를 마시기도 했지만 벌레에 물리거나 위급한 병 등 온갖 병에 효험이 있는 만병통치약으로 사용했다.  최근에는 비열처리된 맥주가 인기가 많은데 그 이유는 비열처리 맥주가 저온 살균된 맥주보다 맥주 맛이 부드러울 뿐 아니라 저온에서 미세한 필터로 효소와 잡균을 완전히 제거해 신선함을 오랫동안 보존할 수 있기 때문이다. 맥주가 가장 좋은 맛을 낼 때의 온도는 여름에는 4~8℃, 봄·가을에는 6~10℃이다.   맥주 안주로는 짭짤하고 기름기가 있는 소시지나 햄, 치즈, 팝콘 등이 좋은데 특히 소시지는 단백질과 지방을 많이 가지고 있어 따로 먹으면 좀 느끼하지만 맥주와 함께 먹으면  맛의 조화가 잘 된다.  소시지는 주로 돼지고기, 쇠고기, 양고기 등을 곱게 갈아 소금과 질산에 절인 후 돼지 창자나 인공 케이싱에 채운 고기 가공품으로 살코기의 단백질과 비계의 지방이 골고루 섞여 있어 영양섭취에도 도움이 된다."
91,칵테일의 마지막을 체리로 장식하세요.," 위스키는 보통 옥수수, 대맥, 밀, 밀보리 등 곡류를 당화시켜 효모를 섞어서 발효&#8228;증류시켜 오크(떡갈나무) 통속에 채워서 숙성시킨 술로 영국, 미국 등지에서 발달하였다. 위스키는 각기 독특한 지리적 조건과 제조비법을 지닌 생산지에 따라 여러 가지 형태로 분류되는데 이 중 아일랜드의 아이리시(Irish) 위스키와 스코틀랜드의 스카치(Scotch) 위스키가 가장 유명하다.  위스키는 통 속에서 성숙되는 동안 독특한 색과 향기가 만들어내는데 저장 년 수는 최저가 3~4년, 개중에는 20년 이상 숙성한 고급품도 있다.  이러한 위스키를 바탕으로 여러 가지 칵테일을 만들어 먹는데 그 중 칵테일의 여왕으로 꼽히는 것이 맨하탄 칵테일이다. 맨하탄 칵테일은 위스키와 이태리안 버무드, 앙고스튤라 비터를 섞은 후 체리를 넣어 장식하는데 이 때 사용하는 체리는 식용색소로 빨갛게 물들인 것을 저장해서 사용한다."
92,보드카를 순하게 마시려면 오렌지주스와 함께,"보드카는 ‘시베리아를 녹이는 술’이라 불릴 만큼 러시아 사람들 누구나 즐기는 대표적인 국민주이다. 보드카라는 말은 러시아의 물(Voda Boa)이라는 단어에서 유래되었으며 옥수수 호밀 보리 감자 등을 원료로 만들며 증류하는 과정에서 자작나무로 만든 숲에 통과시켜 냄새를 제거한 술이다. 보드카는 자작나무 활성탄으로 여과를 하기 때문에 색이 없고 냄새가 없어 칵테일의 베이스로 사용되지만 추운 지방 사람들은 스트레이트로 마시기도 한다.  보드카는 독한 술로 알려져 있지만 오늘날에는 연속 증류기를 이용해 만든 95%의 알코올을 물로 희석, 농도를 50%정도로 조절한 다음 제품화하고 있다.  가정에서 보드카를 부드럽게 마시고 싶을 때는 오렌지주스를 넣어 마시면 맛과 향이 없는 보드카와 잘 어울려 쉽게 마실 수 있다. 그러나 마실 때는 순하지만 금방 취기가 올라오므로 주의해서 마셔야 한다.   보드카의 제조 기술이 미국에도 전해져 지금은 보드카 생산이 러시아를 능가하고 있으며 다양한 칵테일 원료로 애용되고 있다."
93,소나무 새순으로 담그는 송순주,"소나무는 세계 도처에 100여 종의 품종이 있으나 우리나라에는 주로 적송과 육송이 대부분이다. 소나무는 우리나라 생활과 가장 친근한 나무로 이를 이용하여 송엽주, 송영주, 송순주, 송화주 등 술을 담아왔다.   그 중 송순주는 4~5월경 소나무 앞가지에서 돋아난 소나무 새순으로 빚는 술로서 원래는 치료를 목적으로 빚었던 것으로 알려져 있다. 송순주는 향이 독특할 뿐 아니라 숙취의 고통도 없고 여러 가지 질병에도 효능이 있어 불로장생주라 부르기도 한다.  특히 송순주는 고혈압을 예방하고 동맥경화증이나 심장병에 효과적인 것으로 잘 알려져 있다. 특히 담배의 유해물질인 니코틴을 체외로 배출시키는 작용이 있어 흡연자들에게는 아주 유용한 술이며 피를 맑게 하고 혈관을 튼튼하게 할 뿐 아니라 근육통, 관절통, 신경통에 도 약효가 있다고 한다."
94,술로 담아 먹으면 더 큰 효능을 보는 더덕,"더덕은 예부터 산삼에 버금가는 뛰어난 약효가 있다하여 사삼(沙蔘), 백삼이라고 불렀으며 좋은 토양과 알맞은 기후조건하에서 자란 것이라야 향도 진하고 약성도 뛰어나다. 야생 산더덕이 최고이나 요즘은 밭에서 재배해 2~3년이 되면 출하되어 나오는데 좋은 더덕을 고르려면 우선 향이 좋은 것을 고르면 된다.  더덕의 주성분은 사포닌으로 인삼과 동일하며 식용과 약용으로 널리 애용되어 왔다. 특히 조혈작용, 항피로 작용, 혈압하강에 효과가 있으며 해열과 해독 작용이 뛰어나고 건위제 및 자양강장식품으로 유명하다. 또 필수지방인 리놀레익산, 칼슘, 인, 철분 등을 많이 함유하고 있어 뼈와 혈액을 건강하게 유지하는데 특효가 있다.   더덕은 술로 담아 먹으면 독특한 향으로 인해 술맛이 좋으며 술의 주성분인 알코올이 더덕 속에 들어있는 사포닌 등을 쉽게 나오게 만들어 더덕의 약효를 빨리 볼 수 있다.  더덕주를 담글 때는 더덕을 적당한 크기로 잘라 더덕 양의 3배가 되게 소주를 붓고 잘 밀봉하여 서늘한 곳에서 숙성시키면 된다. 담은 후 3개월 뒤에 숙성된 술을 헝겊으로 걸러 술병에 담으면 된다."
95,장어 먹고 복숭아는 NO.,"장어는 지방 21%, 단백질 16%, 비타민 A가 4700Ⅰ.U,로 다량 함유되어 있다. 특히 장어의 지방성분은 다불포화지방산으로  혈전생성을 억제하고 심혈관질환의 효과가 있는 것으로  알려져 있다. 이처럼 장어는  고단백, 고지방식품으로 평소 지방섭취가 적은 사람의 경우에는 소화가 더디게 된다. 여기에 후식으로  신맛을 내는 구연산, 사과산 등이 들어 있는 복숭아를 먹을 경우 유기산의 작용으로  지방의 소화를 방해함으로써 설사를 일으키기 쉽다. "
96,당근 &#8228; 오이와 무,"무생채나 물김치를 담글 때 오이를 곁들이는 경우 비타민C의 파괴가 많다. 비타민C는 구조적인 특징으로 쉽게 산화하여 조리가공 중 파괴율이 아주 높은 편이다. 오이에는  비타민 C를 산화시키는 효소 아스코르빅산 산화효소(ascorbic acid oxidase)가 존재하며 그 활성이 강하므로 비타민 C가 풍부한 다른 생채소와 섞을 때 썰어서 같이 두게 되면 비타민 C가 파괴된다. 비타민 C 산화 효소를 가진 채소류로 오이 외에 당근, 호박, 가지 등이 있다. 따라서 무채를 만들 때 당근을 그냥 넣은 경우도 비타민 C의 파괴를 가져온다. "
97,토마토엔  설탕 보다 차라리 소금,"토마토는 붉은 색소 성분인 리코펜의 항산화작용으로 암예방효과가 탁월하고 심혈관 질환 예방 효과가 밝혀져 주목을 받고 있는 건강식품이다. 철분과 비타민 C, A, B1 등의 영양소가 풍부하다. 가끔 토마토가 단맛이 없어 설탕을 넣어서 먹은 경우가 많이 있다. 토마토에 들어있는 비타민B1은 우리 몸의 당질대사에 꼭 필요한 조효소로 작용한다.  그런데 토마토에 설탕을 넣어 먹으면  비타민 B1이 설탕대사에 사용되므로 비타민 B1의 손실이 따르게 된다. 따라서 토마토를 먹을 때는 그대로 먹는 것이 좋다. 하지만 토마토의 밋밋한 맛과 냄새 때문에 먹기가 어려우면 소금을 조금 넣어 먹는 방법도 있다. 토마토에는 칼륨 함량이 많은데 소금을 곁들이면 오히려 균형을 이룰 수 있어 좋다."
98,미역국에 파는 안돼요," 미역은 다시마, 모자반과 함께 갈조류에 속하며 미역은 성질이 차고 맛이 짜다. 우리의 음식에서 무침, 볶음, 쌈, 자반, 지짐, 냉국 등이 있지만 미역은 주로 국을 끓여 먹었다. 미역의 성분은 수분 10%, 단백질 24.5%, 지질 0.4%, 탄수화물 31%, 그 외 섬유질, 회분, 칼슘, 인, 철, 나트륨, 칼륨, 나이아신, 비타민류 등이 포함되어 있다. 특히 칼슘 함량이 높다. 우리 선조들은 출산 후 미역국을 끓여 먹였는데 이는 조상의 지혜를 엿볼 수 있다. 미역국은 열량은 낮으나 정장효과가 뛰어나 출산 후 생기는 산모의 변비를 예방해주고 칼슘은 임신과 출산으로 약해진 골격과 치아 형성에 도움을 준다. 특히 산후의 자궁수축과 지혈작용에 칼슘은 꼭 필요한 무기질이다. 또한 미역에는 요오드의 함량이 많아 산후 신진대사가 활발한 임산부에게 요오드를 충분히 보충시켜 갑상선 호르몬의 생성을 돕는다. 우리 국에는 빠지지 않는 양념이 파, 마늘 종류인데 보통 미역국에는 파를 넣지 않는다. 미역국에 파를 넣으면 미역과 파가 가지는 미끈한 성분(알긴산)의 점질물 때문에 국의 고유한 맛을 느끼지 못하게 된다. 또한 파에는 인과 유황 성분이 많아 미역국에 넣으면 미역 안에 많은 칼슘의 흡수를 방해 한다. 따라서 미역국에 파를 섞으면 맛도 어울리지 않을 뿐 아니라 영양효율성 면에도 맞지 않다."
99,팥과 식소다,팥은 대두와는 달리 함유된 탄수화물의 35%가량이 전분이며 지방함량은 낮고 단백질도 대두에 비해 적은 편이나 식물성 식품으로 볼 때에는 많은 편이다.  높은 전분함량으로 가종 떡의 고물과 소 등으로 많이 이용된다. 팥에는 배당체인 사포닌이 함유되어 있어 변통을 도와주며 다른 두류에 비해 비타민 B1의 함량이 100g중 0.56mg으로 높아 각기병에 효과적이다. 그런데 팥은 껍질이 두꺼워 물에 불려도 수분침투가 어려우므로 대게 타서 침수시켜 불린 후 거피하여 사용한다. 팥을 쉽게 삶기 위해 알칼리성인  식소다를 넣기도 하나 이는 팥에 들어 있는 B1의 손실을 가져온다.
100,시금치와 근대,"시금치는 가을에서 봄까지 재배되며 겨울에 신선한 채소로 공급될 수 있으므로 우리 식생활에서 중요한 위치를 차지하고 있다. 시금치는 특히 비타민 A와 C 및 무기질이  풍부한 식품이다. 또한 수용성 유기산으로 구연산(citric acid), 능금산(malic acid),  수산(oxalic acid)이 존재하는데 수산은 주로 칼슘과 결합하여 불용해성인 수산 칼슘을 형성하므로 칼슘의 흡수 이용율이 좋지 않다. 그런데 시금치와 함께 수산의 함량이 많은 채소가 근대이다. 따라서 시금치와 근대를 함께 먹는 것은 칼슘의 이용율 저하를 가져올 수 있으므로 같이 먹지 않는 것이 좋다."
101,햄버거 먹을 때 콜라 마시지 말아요,"햄버거는 빵과 빵 사이에 다진 고기와 토마토, 양상치 등을 곁들여 만든다. 아이들 뿐 아니라 바쁜 생활 속에 제대로 끼니를 못 챙기는 사람들에게 간단한 한 끼의 식사로 사랑을 받아왔다. 우리는 흔히 양손에 햄버거와 콜라를 들고 움직이며 식사를 하는 관경을 본 적이 있을 것이다. 콜라는 햄버거, 피자 등 패스트푸드에 빠지지 않은 음료로 등장한다. 콜라에 들어있는 코카인 성분은 카페인이다. 카페인은 신경흥분, 심장기능 자극, 콩팥기능을 자극해 일시적으로 피로회복, 이뇨작용 등 효과가 있으나 지나치게 많이 먹는 경우 오히려 건강에 해가 된다. 콜라 안에는 짜릿한 맛을 위해 탄산가스와 무기인산을 첨가한다. 이 성분 때문에 시원한 가스발생과 함께 청량감을 느낄 수 있다. 하지만 이러한 성분들은 인체 내에서 칼슘 성분과 쉽게 결합하는 성질이 있어 칼슘의 흡수를 저해하게 된다. 따라서 햄버거를 먹을 때 콜라를 마시는 것보다 칼슘을 보강할 수 있는 우유나 칼슘의 흡수를 좋게 하는 오렌지 쥬스 등과 먹는 것이 좋다."
102,맥주 마실 때  땅콩은 조심조심, 맥주의 안주로 흔히 먹는 땅콩의 지방함량은 콩의 3배(45%) 정도로 많다. 조성지방산은 올레산과 리놀레산이 80%를 이루고 있으며 이들 지방산이 혈중콜레스테롤을 저하시키는 작용이 있다. 그런데 이들 불포화지방산은  공기에 접촉시 쉽게 산화되어 우리 몸에 유해한 과산화지질을 형성하게 된다. 껍질이 제거된 체로 유통이 되는 땅콩은  지방이 산패될 위험이 높아 위생상 문제가 있을 수 있으므로 주의를 해야 한다. 또한 땅콩은 보관조건이 나쁘면 검정 곰팡이인 아스퍼르질러스 플라버스(Aspergillus flavus)에 의해 생성되는 강력한 발암물질인 아플라톡신(aflatoxin)이 만들어진다.  
103,콘플레이크와 우유의 궁합,"<link href=/css/editbasic.css rel=stylesheet type=text/css><FONT size=2><SPAN style=""FONT-SIZE: 10pt; COLOR: #000000; LINE-HEIGHT: 12pt; FONT-FAMILY: 굴림; LETTER-SPACING: 0pt; TEXT-ALIGN: justify"">하루를 시작하는 균형 잡힌 아침 식사는 건강 유지를 위해 아주 중요하다. 영어로는 ‘break fast. 글자 그대로 공복을 깨뜨린다는 뜻으로 10여 시간이 넘는 긴 밤의 공복을 깨뜨리며 새로운 하루의 에너지를 공급하므로 그 중요성이 크다고 볼 수 있다. </SPAN><P style=""FONT-SIZE: 10pt; MARGIN: 0pt; COLOR: #000000; TEXT-INDENT: 0pt; LINE-HEIGHT: 120%; FONT-FAMILY: 굴림; TEXT-ALIGN: justify""><SPAN style=""FONT-SIZE: 10pt; COLOR: #000000; LINE-HEIGHT: 12pt; FONT-FAMILY: 굴림; LETTER-SPACING: 0pt; TEXT-ALIGN: justify"">그러나 많은 사람이 바쁜 일과에 쫓겨 제대로 아침 식사를 하지 못하는 실정이다. 바쁜 아침에 필요한 영양소를 공급하기에 가장 간단한 방법 중의 하나가 콘플레이크에 우유를 부어 먹는 것으로 영양적으로도 아주 바람직한 방법이다. </SPAN><SPAN style=""FONT-SIZE: 10pt; COLOR: #000000; LINE-HEIGHT: 12pt; FONT-FAMILY: 굴림; LETTER-SPACING: 0pt; TEXT-ALIGN: justify""></SPAN></P><P style=""FONT-SIZE: 10pt; MARGIN: 0pt; COLOR: #000000; TEXT-INDENT: 0pt; LINE-HEIGHT: 120%; FONT-FAMILY: 굴림; TEXT-ALIGN: justify""><SPAN style=""FONT-SIZE: 10pt; COLOR: #000000; LINE-HEIGHT: 12pt; FONT-FAMILY: 굴림; LETTER-SPACING: 0pt; TEXT-ALIGN: justify"">콘플레이크는 옥수수를 증기 압착시켜 만드는데 옥수수의 주성분은 당질로 대부분이 녹말이며 포도당이 조금 들어있다. 단백질은 옥수수 알갱이의 겉껍질 부분에 있는 각질층에 많고 속에는 적다. </SPAN><SPAN style=""FONT-SIZE: 10pt; COLOR: #000000; LINE-HEIGHT: 12pt; FONT-FAMILY: 굴림; LETTER-SPACING: 0pt; TEXT-ALIGN: justify""></SPAN></P><P style=""FONT-SIZE: 10pt; MARGIN: 0pt; COLOR: #000000; TEXT-INDENT: 0pt; LINE-HEIGHT: 120%; FONT-FAMILY: 굴림; TEXT-ALIGN: justify""><SPAN style=""FONT-SIZE: 10pt; COLOR: #000000; LINE-HEIGHT: 12pt; FONT-FAMILY: 굴림; LETTER-SPACING: 0pt; TEXT-ALIGN: justify"">씨눈에는 질이 좋은 불포화지방산이 많고 토코페롤이라는 비타민E가 풍부해 성인병 예방과 노화 방지에 효과가 매우 크다. 또 지방이 25~27%가량 들어 있으며 신경 조직에 필요한 레시틴이 1.5%, 비타민E가 0.2mg이나 들어있다. 그러나 옥수수는 단백질을 구성하고 있는 아미노산의 질이 많이 떨어진다. 즉 트레오닌이나 페닐알라닌, 유황 함유 아미노산인 메치오닌과 시스틴 등은 풍부하나 필수 아미노산인 트립토판과 라이신이 거의 안 들어 있다. </SPAN><SPAN style=""FONT-SIZE: 10pt; COLOR: #000000; LINE-HEIGHT: 12pt; FONT-FAMILY: 굴림; LETTER-SPACING: 0pt; TEXT-ALIGN: justify""></SPAN></P><P style=""FONT-SIZE: 10pt; MARGIN: 0pt; COLOR: #000000; TEXT-INDENT: 0pt; LINE-HEIGHT: 120%; FONT-FAMILY: 굴림; TEXT-ALIGN: justify""><SPAN style=""FONT-SIZE: 10pt; COLOR: #000000; LINE-HEIGHT: 12pt; FONT-FAMILY: 굴림; LETTER-SPACING: 0pt; TEXT-ALIGN: justify"">옥수수의 결점을 보완할 수 있는 가장 우수한 식품이 우유다. 우유에는 사람이 매일 먹어야 건강을 유지할 수 있는 여덟 가지 필수아미노산이 골고루 들어 있다. 비타민A와 비타민B를 비롯하여 비타민B군(B1, B2, B6, 판토텐산, 나이아신 등)도 고르게 들어있다. 그래서 옥수수나 옥수수 가공품을 먹을 때 우유를 곁들이는 것은 영양 균형을 자연스럽게 잡아 주는 일이 된다. </SPAN></P><P style=""FONT-SIZE: 10pt; MARGIN: 0pt; COLOR: #000000; TEXT-INDENT: 0pt; LINE-HEIGHT: 120%; FONT-FAMILY: 굴림; TEXT-ALIGN: justify""><SPAN style=""FONT-SIZE: 10pt; COLOR: #000000; LINE-HEIGHT: 12pt; FONT-FAMILY: 굴림; LETTER-SPACING: 0pt; TEXT-ALIGN: justify""></SPAN>&nbsp;</P><P style=""FONT-SIZE: 10pt; MARGIN: 0pt; COLOR: #000000; TEXT-INDENT: 0pt; LINE-HEIGHT: 120%; FONT-FAMILY: 굴림; TEXT-ALIGN: justify""><SPAN style=""FONT-SIZE: 10pt; COLOR: #000000; LINE-HEIGHT: 12pt; FONT-FAMILY: 굴림; LETTER-SPACING: 0pt; TEXT-ALIGN: justify"">출처/숙명여자대학교 한국음식연구원</SPAN></P></FONT>"
104,두부와 미역 ,"콩 속에는 5종의 사포닌이 함유되어 여러 가지 생리작용을 하는데, 지나치게 섭취하 면 몸 속의 요오드가 빠져 나가는 결점을 갖고 있다. 요오드는 갑상선호르몬을 구성 하는 중요한 성분으로 부족하면 바세도씨병과 같은 질병에 걸릴 수도 있다. 그래서 두뷰 요리를 할 때는 요오드가 풍부한 미역이나 김과 같은 식품을 곁들이는 것이 무엇보다 중요하다. 미역은 칼슘 함량이 뛰어나서 분유와 맞먹을 정도이고, 다량의 요오드를 함유하고 있다. 게다가 열량이 극히 적어 비만 때문에 고민하는 사람에게 매우 효과적이고 산성체질 을 중화시키는 데 가장 효과적인 식품이다. 임산부의 경우 요오드가 부족하면 신진대사가 완만해져 비만의 원인이 될 수 있는데, 미역은 열량은 낮으면서 포만감을 주므로 다이어트 식품으로 매우 좋다.  "
105,로얄젤리와 매실,"로얄젤리가 꿀과 다른 것은 단백질이 훨씬 많고 수분이 많으며 지방산을 함유하고 있다는 점이다. 로얄젤리의 특수성분은 워낙 미묘하고 불안정해서 온도가 높아지거나 햇볕을 받아도 또 수소이온농도, 즉 산도가 바뀌어도 활성을 상실하고 효력을 잃고 만다. 그런데 매실은 과일 중에서 신맛이 가장 강한 것이다.그래서 매실은 위장에서 강한 산성반응을 나타내어 유해세균의 발육을 억제해서 식중독을 예방하거나 치료하는 것이다. 그밖에도 설사,변비,피로회복에 뛰어난 효능을 나타낸다. 그런데 서로 다른 특성을 가지고 있는 로얄젤리와 매실을 함께 먹거나 섞어 먹으면 로얄젤리의 활성물질이 산도의 갑작스런 변화를 받게 된다. 그렇게 되면로얄젤리의 효과는 없어지고 말며 매실의 특성도 약화되는 것이다. "
106,조개와 옥수수,"조개류는 부패균의 번식이 잘 되는 수산물이며, 산란기에는 자신을 적으로부터 보호 하기 위해 독성물질을 생성하기도 한다. 이런한 조개를 먹고 소화성이 떨어지는 옥수수를 먹으면 배탈이 나기 쉽다. "
107,문어와 고사리,고단백식품의 하나인 문어는 영양가는 높지만 소화에 부담이 가는 식품이다. 고사리에는 섬유질이 3% 이상 들어 있어서 문어와 고사리를 먹으면 위장이 약한 사람은 소화불량에 걸리기가 쉽다. 
108,냉면과 식초,"녹말이 주성분인 당분을 섭취하면 대사과정에서 유산이 쌓여 피로감을 느끼게 하므로 식초를 함께 섭취하면 유산을 분해 시켜준다. 또한 냉면에는 식중독의 위험이 있으므로 식초를 타서 먹으면 풍미와 위생, 영양의 세가지를 조정해 주는 일석삼조 효과가 있다.[출처 :  우리들의 한방넷, http://www.urihanbang.org]  "
109,조개와 쑥갓,"술 마신 후 속을 시원하게 해 주는 해장 음식 중 뜨거운 조개탕을 따라올 음식이 없다.조개는 아미노산등 우수한 단백질과 철분이 풍부하나 적혈구를 만들 때 필요한 엽록소나 비타민 A,C는 거의 없다.그러나 쑥갓은 엽록소가 풍부하고 비타민 A,C가 많아 적혈구 생성에 도움을 주고, 핏 속의 콜레스테롤치를 낮추는 작용을 한다. 여기에 레몬껍질을 곱게 채 썰어 곁들이면 비타민 C의 섭취를 늘릴 뿐 아니라, 조개 특유의 달콤한 맛이 어울려 풍미를 더한다.조개의 독특한 맛은 불편한 속을 편하게 해 주고 술을 깨게 하는 효과가 있다.쑥갓은 향이 독특하고 맛이 산뜻해서 날로 먹어도 좋고 나물로 해 먹어도 좋은데, 조개에 없는 비타민A와 C, 엽록소가 풍부해 조개와 좋은 궁합이다.[출처 : 우리들의 한방넷, http://www.urihanbang.org]   "
110,게와 감,"게는 고단백 식품이지만 식중독 균의 번식이 잘되는 약점을 갖고 있다. 감은 수렴작용을 하는 탄닌성분이 있어 함께 먹으면 소화 흡수를 방해한다. 식중독 균 오염 가능성이 많은 음식과 소화가 원활하지 않은 성분의 만남, 피해야할 음식 조합이다.  [출처 : 우리들의 한방넷, http://www.urihanbang.org]"
111,치즈와 콩류,"단백질이 풍부한 영양식으로 꼽히는 치즈는 칼슘 성분도 많다. 콩은 고단백 고지방 식품이며 인산의 함량이 많은 식품이다. 그런데 치즈와 콩류를 함께 먹으면 인산 칼슘이 만들어져 흡수되지 않고 몸밖으로 빠져 나가게 된다. [출처 : 우리들의 한방넷, http://www.urihanbang.org]  "
112,새우와 표고버섯,"새우는 단백질을 비롯한 영양소가 풍부하고 독특한 풍미와 단맛을 내기 때문에 고급요리에 많이 이용되는데, 새우에 들어 있는 콜레스테롤을 걱정해서 먹기를 꺼리는 사람들이 많다.하지만 새우의 콜레스테롤치는 쇠고기와 비슷할 정도로, 타우린의 함량이 적절해 오히려 체내에서 콜레스테롤치를 떨어뜨리는 기능도 한다. 특히 암 환자의 체내에는 일반인에 비해 과산화지질이 많은 편인데, 과산화지질은 노화를 진행하는 물질로 새우 속에 들어 있는 타우린이 그 생성을 억제할 수 있다고 한다. 거기에다 뛰어난 항암 효과로 인기를 모으고 있는 표고버섯, 체내의 칼슘 흡수를 돕고 콜레스테롤치를 떨어뜨려 주기 때문에 새우와 표고버섯을 함께 먹을 경우 성인병을 예방할 수 있다.또 표고버섯은 칼로리가 거의 없는 식품이므로 해조류와 마찬가지로 많이 먹어도 뚱뚱해지지도 않는다.※참고 : 표고버섯을 씻을 때는 빨리 씻어야 영양의 손실이 적고, 오랫동안 물에 담가 두면 풍미를 잃게 된다. [출처 : 우리들의 한방넷, http://www.urihanbang.org]  "
113,스테이크와 파인애플,"오래전부터 고기를 부드럽게 하기 위해서는 보통 배와 무를 사용했다. 배와 무에는 단백질과 지방을 분해하는 효소가 들어 있어 고기를 재두기만 하면 쉽게 연해지는 효과를 볼 수 있기 때문이다.하지만 서양에서는 무화과나 파파야, 파인애플을 연육제로 사용한다. 파인애플에 들어 있는 브로멜린이라는 성분은 배나 무와는 비교도 안 될 만큼 강력한 연육 효과를 발휘한다. 특히 스테이크 요리를 할 때 고기를 직접 재두지 않아도 파인애플과 함께 먹거나 후식으로 먹기만 해도 소화에 큰 도움이 된다.파인애플은 상하기 쉬워 날 것보다는 통조림이 흔한데, 그래서 그다지 영양가가 별 것 없는것처럼 쉽게생각되기 마련이지만, 파인애플 속에는 자당과 비타민C, 칼슘 등의 영양소가 풍부하고, 새콤달콤한 맛이 입안을 개운하게 해준다.특히 기름기 많은 고기 요리를 먹을 때 함께 먹으면 느끼한 느낌을 줄일 수 있다. 육류는 성장과 활동에 필요한 필수 아미노산이 골고루 들어 있어 떨어진 기력을 보하고 피로 회복을 돕는다.고기는 좋아해도 씹기 어렵고 소화가 안돼 걱정이면 파인애플과 함께 먹으면 소화를 도울 수 있다.[출처 : http://www.urihanbang.org]"
114,라면과 녹색채소,"전국민의 부식, 제2의 주식으로 일컬어지는 라면은 일본에서 개량되어 한국에서 꽃피우고 전세계에 퍼져 나간 대표적 식품이다.아무리 먹어도 물리지 않는 라면의 결정적인 단점은 소금과 지방 함량이 많은 것. 이문제는 동물실험에서도 증명됐다. 최고 혈압 190mmHg인 고혈압 쥐를 두 그룹으로 나누어 한 그룹에는 인스턴트 라면만을, 다른 그룹에는 인스턴트 라면과 채소를 먹인 후 2주일간 혈압 측정을 한 것이다. 라면만 먹은 쥐는 226mmHg로 혈압이 상승했는데 채소도 먹은 그룹은 182mmHg로 조금 떨어진 것이다. 소금을 많이 가지고 있는 짭짤한 라면이 혈압 상승과 관계가 있다는 것을 알 수 있다.채소엔 나트륨 작용을 상쇄시키는 칼륨 성분이 많아 라면에 야채를 곁들이게 되면 라면에 없는 성분 보완 뿐 아니라 소금 섭취로 인한 혈압 상승도 억제시키는 효과도 거두는 셈이다.단무지나 김치 대신 생야채, 특히 녹황색 채소와 함께 먹으면 라면의 단점을 크게 해소할 수 있다.[출처 : www.urihanbang.org]"
115,도토리묵과 감,도토리묵을 먹은 후 후식으로 감을 먹게 되면 두가지 모두 떫은 맛의 탄닌을 많이 함유하고 있어 변비가 심해질 뿐 아니라 적혈구를 만드는 철분이 탄닌과 결합하여 소화흡수를 방해하므로 빈혈이 생길 수도 있다[출처 : www.urihanbang.org]
